"","x","y","avg","min","max"
"1",-29.125,-58.4375,20.18115234375,20.18115234375,20.18115234375
"2",-29.125,-58.3125,20.7759765625,19.175048828125,22.91748046875
"3",-29.125,-58.1875,17.209228515625,3.346435546875,21.224365234375
"4",-29.125,-58.0625,20.6382533482143,18.26953125,21.619384765625
"5",-29.125,-57.9375,5.10878208705357,0.453857421875,17.12939453125
"6",-28.875,-58.5625,21.672119140625,21.0009765625,22.34326171875
"7",-28.875,-58.4375,13.138916015625,0.0771484375,23.31201171875
"8",-28.875,-58.3125,4.12215169270833,1.218017578125,6.386962890625
"9",-28.875,-58.1875,2.973486328125,1.592529296875,4.002685546875
"10",-28.875,-58.0625,1.86453683035714,0.538330078125,3.440185546875
"11",-28.875,-57.9375,9.78861490885417,0.1767578125,30.620849609375
"12",-28.875,-57.8125,6.3594970703125,1.67578125,11.043212890625
"13",-28.625,-58.6875,23.99072265625,23.524658203125,24.301025390625
"14",-28.625,-58.5625,14.8954806857639,8.39306640625,26.656494140625
"15",-28.625,-58.4375,10.5926106770833,1.845458984375,17.58056640625
"16",-28.625,-58.3125,6.45083618164062,3.27783203125,9.86328125
"17",-28.625,-57.8125,10.022607421875,2.6435546875,31.929443359375
"18",-28.375,-58.6875,16.9330444335938,7.406982421875,23.463134765625
"19",-28.375,-58.5625,8.11876395089286,0.077392578125,17.022216796875
"20",-28.375,-58.4375,12.8767496744792,10.835693359375,15.136474609375
"21",-28.375,-57.8125,14.8277994791667,1.302490234375,34.713623046875
"22",-28.375,-57.6875,30.24072265625,30.24072265625,30.24072265625
"23",-28.125,-60.1875,94.4228393554688,75.9634399414062,106.723663330078
"24",-28.125,-60.0625,75.5821266174316,30.4810791015625,138.8857421875
"25",-28.125,-59.9375,40.2152390252976,22.9404296875,64.0272216796875
"26",-28.125,-59.8125,50.0088843368902,0.9312744140625,124.337951660156
"27",-28.125,-59.6875,62.3757125499637,2.06878662109375,164.901733398438
"28",-28.125,-59.5625,21.0391710069444,0.78662109375,93.349853515625
"29",-28.125,-59.4375,4.43076869419643,0.225830078125,6.325439453125
"30",-28.125,-59.3125,2.985107421875,2.626708984375,3.58349609375
"31",-28.125,-59.1875,0.419189453125,0.419189453125,0.419189453125
"32",-28.125,-58.6875,7.64739990234375,1.6533203125,18.608154296875
"33",-28.125,-58.5625,5.11475481305804,0.39306640625,13.826171875
"34",-28.125,-58.0625,6.685791015625,4.0986328125,9.0615234375
"35",-28.125,-57.9375,5.4984130859375,0.682373046875,9.73681640625
"36",-28.125,-57.8125,2.90303548177083,1.30859375,3.728271484375
"37",-28.125,-57.6875,5.062255859375,5.062255859375,5.062255859375
"38",-28.125,-57.5625,34.13134765625,34.13134765625,34.13134765625
"39",-27.875,-60.1875,90.3757019042969,84.4247436523438,95.4894714355469
"40",-27.875,-60.0625,102.111297607422,81.482666015625,148.262268066406
"41",-27.875,-59.9375,43.4949185954991,0.06640625,139.308349609375
"42",-27.875,-59.8125,25.7259902056526,0.0335693359375,118.368286132812
"43",-27.875,-59.6875,33.3617673520689,0.1141357421875,120.578796386719
"44",-27.875,-59.5625,35.0976744306848,0.09814453125,110.680297851562
"45",-27.875,-59.4375,5.5892822265625,0.4295654296875,18.982177734375
"46",-27.875,-59.3125,2.14567057291667,0.96484375,5.44775390625
"47",-27.875,-59.1875,2.45870535714286,0.294189453125,5.738525390625
"48",-27.875,-59.0625,2.00040690104167,0.547119140625,4.36474609375
"49",-27.875,-58.9375,8.591796875,5.40576171875,11.77783203125
"50",-27.875,-58.8125,8.2654296875,2.636962890625,17.2197265625
"51",-27.875,-58.6875,5.23542244203629,0.875732421875,13.3388671875
"52",-27.875,-58.5625,5.6119384765625,0.52978515625,14.7646484375
"53",-27.875,-58.4375,3.730712890625,3.730712890625,3.730712890625
"54",-27.875,-58.0625,4.14296875,2.089599609375,7.806640625
"55",-27.875,-57.9375,11.1694539388021,0.306396484375,22.6826171875
"56",-27.875,-57.8125,3.2891845703125,0.62158203125,7.591796875
"57",-27.875,-57.6875,36.369140625,36.369140625,36.369140625
"58",-27.875,-57.1875,8.39453125,8.39453125,8.39453125
"59",-27.875,-57.0625,4.183837890625,3.3330078125,5.219970703125
"60",-27.875,-56.9375,5.790771484375,5.790771484375,5.790771484375
"61",-27.625,-59.9375,39.2057217684659,7.0462646484375,57.5335693359375
"62",-27.625,-59.8125,24.2271055094401,0.099853515625,119.132263183594
"63",-27.625,-59.6875,14.9484513587226,0.006103515625,95.1514282226562
"64",-27.625,-59.5625,16.1070284981259,0.0599365234375,99.4027099609375
"65",-27.625,-59.4375,12.0150248635264,0.0760498046875,94.1419677734375
"66",-27.625,-59.3125,9.865478515625,0.068359375,62.1021728515625
"67",-27.625,-59.1875,4.07010535037879,0.130859375,14.488525390625
"68",-27.625,-59.0625,9.52285911923363,0.390380859375,16.319580078125
"69",-27.625,-58.9375,7.93068560431985,1.3857421875,13.389404296875
"70",-27.625,-58.8125,7.67535721628289,0.72705078125,20.6142578125
"71",-27.625,-58.6875,9.07307722761824,0.07763671875,23.741943359375
"72",-27.625,-58.5625,7.40714946546053,0.3798828125,28.868408203125
"73",-27.625,-58.4375,7.98561789772727,0.2353515625,50.383544921875
"74",-27.625,-58.3125,10.3031921386719,0.3037109375,52.03759765625
"75",-27.625,-58.1875,5.1065673828125,0.465576171875,11.402099609375
"76",-27.625,-58.0625,2.06747159090909,0.082275390625,6.64501953125
"77",-27.625,-57.9375,8.90398491753472,0.168701171875,25.5146484375
"78",-27.625,-57.8125,8.19361979166667,0.226806640625,30.352783203125
"79",-27.625,-57.6875,3.51017252604167,0.934326171875,7.451171875
"80",-27.625,-57.1875,9.07633463541667,4.852294921875,12.291015625
"81",-27.625,-56.5625,31.7381591796875,29.4468994140625,34.0294189453125
"82",-27.625,-56.4375,47.8057861328125,47.8057861328125,47.8057861328125
"83",-27.625,-56.1875,85.7642822265625,85.7642822265625,85.7642822265625
"84",-27.625,-56.0625,77.1850019182478,32.537353515625,90.8224487304688
"85",-27.625,-55.9375,63.7057952880859,60.8014526367188,65.68212890625
"86",-27.375,-59.9375,17.188232421875,11.992919921875,20.8988037109375
"87",-27.375,-59.8125,15.4238744665075,0.523193359375,52.3521728515625
"88",-27.375,-59.6875,14.7359086746739,0.1466064453125,68.677978515625
"89",-27.375,-59.5625,12.7948274573501,0.1724853515625,69.21484375
"90",-27.375,-59.4375,18.8984199090816,0.0228271484375,86.1754150390625
"91",-27.375,-59.3125,16.4930637307363,0.0032958984375,187.134521484375
"92",-27.375,-59.1875,6.72993733112077,0.11181640625,48.613525390625
"93",-27.375,-59.0625,7.60516046018017,0.0361328125,43.813232421875
"94",-27.375,-58.9375,8.88452815488388,0.073486328125,44.750244140625
"95",-27.375,-58.8125,9.59866584329044,0.025146484375,61.231201171875
"96",-27.375,-58.6875,9.21125530374461,0.11669921875,67.67333984375
"97",-27.375,-58.5625,10.5751478407118,1.49267578125,57.342529296875
"98",-27.375,-58.4375,11.9481026785714,0.09423828125,50.546875
"99",-27.375,-58.3125,17.06828125,1.294677734375,56.73046875
"100",-27.375,-58.1875,11.203857421875,0.962646484375,59.98828125
"101",-27.375,-58.0625,4.33820657169118,0.25244140625,12.11767578125
"102",-27.375,-57.9375,8.65986328125,0.239013671875,26.464111328125
"103",-27.375,-57.8125,3.89284396701389,0.032470703125,13.952392578125
"104",-27.375,-57.6875,5.5347900390625,0.00927734375,18.29638671875
"105",-27.375,-57.5625,8.09988064236111,2.958740234375,20.357421875
"106",-27.375,-57.4375,10.8531087239583,0.79248046875,22.809814453125
"107",-27.375,-57.3125,8.28776041666667,0.572265625,18.29150390625
"108",-27.375,-57.1875,2.97395833333333,2.127197265625,3.770751953125
"109",-27.375,-56.8125,32.1107177734375,30.56494140625,33.656494140625
"110",-27.375,-56.6875,25.2505589535362,5.4071044921875,55.844482421875
"111",-27.375,-56.5625,26.6695622269825,2.0565185546875,162.641235351562
"112",-27.375,-56.4375,38.4900530386662,5.01904296875,234.227233886719
"113",-27.375,-56.3125,68.211677914574,9.22296142578125,344.729614257812
"114",-27.375,-56.1875,77.0705656163833,13.1629028320312,370.375427246094
"115",-27.375,-56.0625,40.936167191486,6.49383544921875,100.109375
"116",-27.375,-55.9375,23.1378079927885,11.85693359375,40.8448486328125
"117",-27.375,-55.8125,22.0243617466518,10.63720703125,30.02587890625
"118",-27.125,-59.9375,11.1405029296875,9.87548828125,12.405517578125
"119",-27.125,-59.8125,9.87336515256872,1.014892578125,18.0377197265625
"120",-27.125,-59.6875,12.6308336918897,0.317626953125,46.1968994140625
"121",-27.125,-59.5625,20.9377560985332,0.0220947265625,116.208740234375
"122",-27.125,-59.4375,28.3740789013273,1.20654296875,160.575408935547
"123",-27.125,-59.3125,19.9152027314439,0.07958984375,207.942260742188
"124",-27.125,-59.1875,9.28986052040742,0.048828125,51.922607421875
"125",-27.125,-59.0625,8.07744034476902,0.00341796875,37.1290283203125
"126",-27.125,-58.9375,8.09691619873047,0.087646484375,30.102783203125
"127",-27.125,-58.8125,9.66158873282823,0.038330078125,53.817138671875
"128",-27.125,-58.6875,9.48817600209806,0.022216796875,27.59228515625
"129",-27.125,-58.5625,8.08921160016741,0.008056640625,23.55078125
"130",-27.125,-58.4375,8.28648717695148,0.002685546875,29.1640625
"131",-27.125,-58.3125,7.42520607123941,0.114990234375,38.248779296875
"132",-27.125,-58.1875,6.0494384765625,0.150146484375,39.98779296875
"133",-27.125,-58.0625,7.26546067457933,0.134033203125,24.490966796875
"134",-27.125,-57.9375,6.96793339170259,0.071044921875,26.58740234375
"135",-27.125,-57.8125,9.21852864583333,0.132568359375,76.472412109375
"136",-27.125,-57.6875,15.4149076500717,0.0726318359375,136.210205078125
"137",-27.125,-57.5625,13.0489542643229,0.2275390625,132.344787597656
"138",-27.125,-57.4375,6.73662904251453,0.047607421875,23.71337890625
"139",-27.125,-57.3125,6.94374208192568,0.353515625,21.191650390625
"140",-27.125,-57.1875,10.3528103298611,1.670166015625,33.463134765625
"141",-27.125,-57.0625,11.4026591532939,2.913818359375,49.704833984375
"142",-27.125,-56.9375,12.5595362929047,0.6187744140625,79.1820068359375
"143",-27.125,-56.8125,19.0513828822545,2.2459716796875,36.5654296875
"144",-27.125,-56.6875,36.3861825125558,7.57733154296875,74.2581787109375
"145",-27.125,-56.5625,34.142590045929,4.4566650390625,242.742309570312
"146",-27.125,-56.4375,19.0573308497299,1.2935791015625,124.728515625
"147",-27.125,-56.3125,29.5828823302844,1.426513671875,166.799072265625
"148",-27.125,-56.1875,29.4327935112847,5.9688720703125,153.577880859375
"149",-27.125,-56.0625,25.8496395779639,1.4903564453125,129.927001953125
"150",-27.125,-55.9375,18.273863549326,2.0030517578125,36.742919921875
"151",-27.125,-55.8125,16.43400390625,5.1829833984375,37.02587890625
"152",-27.125,-55.6875,9.34136408025568,0.01708984375,23.236328125
"153",-27.125,-55.5625,0.160888671875,0.1259765625,0.19580078125
"154",-26.875,-59.8125,8.91363055889423,2.797607421875,12.894775390625
"155",-26.875,-59.6875,10.2700784122243,1.82568359375,24.5240478515625
"156",-26.875,-59.5625,23.4115688892121,0.442626953125,137.217468261719
"157",-26.875,-59.4375,44.8807730044959,0.1072998046875,179.086730957031
"158",-26.875,-59.3125,38.0850626083619,0.10211181640625,214.514404296875
"159",-26.875,-59.1875,11.3695640827047,0.030517578125,207.177124023438
"160",-26.875,-59.0625,11.896062791962,0.0272216796875,53.0164184570312
"161",-26.875,-58.9375,14.7238727131184,0.0467529296875,114.774963378906
"162",-26.875,-58.8125,8.57950941424503,0.0113525390625,54.8780517578125
"163",-26.875,-58.6875,8.01640691989806,0.0078125,40.28857421875
"164",-26.875,-58.5625,9.82553399422756,0.013671875,34.494873046875
"165",-26.875,-58.4375,11.3764796188311,0.0133056640625,38.6795654296875
"166",-26.875,-58.3125,10.3283399336177,0.007568359375,32.97900390625
"167",-26.875,-58.1875,9.44835591760481,0.0732421875,44.5634765625
"168",-26.875,-58.0625,12.2139550185785,0.5966796875,51.797607421875
"169",-26.875,-57.9375,16.8945513714801,0.68115234375,99.38818359375
"170",-26.875,-57.8125,13.9342262961648,0.439208984375,73.632080078125
"171",-26.875,-57.6875,18.9371026486767,0.1676025390625,116.989624023438
"172",-26.875,-57.5625,24.3317904085726,0.18310546875,123.86279296875
"173",-26.875,-57.4375,13.4741169557733,0.001953125,80.208251953125
"174",-26.875,-57.3125,12.0779313712284,0.13916015625,78.011474609375
"175",-26.875,-57.1875,17.8484545510913,2.808349609375,54.943359375
"176",-26.875,-57.0625,34.3983170403375,5.0950927734375,188.185394287109
"177",-26.875,-56.9375,31.2925622478809,0.0128173828125,190.181091308594
"178",-26.875,-56.8125,24.3488661200453,0.1099853515625,135.941650390625
"179",-26.875,-56.6875,32.2677279117603,0.6041259765625,247.994445800781
"180",-26.875,-56.5625,21.6014247584987,0.1026611328125,90.5767822265625
"181",-26.875,-56.4375,16.5505888160139,0.01953125,86.554443359375
"182",-26.875,-56.3125,16.3622789295441,0.005126953125,83.872314453125
"183",-26.875,-56.1875,19.6715528270866,0.025634765625,75.317626953125
"184",-26.875,-56.0625,15.3871711282169,0.839599609375,66.47705078125
"185",-26.875,-55.9375,17.1479777546672,0.01513671875,88.41943359375
"186",-26.875,-55.8125,9.97053765190972,0.0126953125,59.7763671875
"187",-26.875,-55.6875,1.29497969777961,0.005859375,44.56787109375
"188",-26.875,-55.5625,198.289713541667,0.00244140625,3563.5537109375
"189",-26.875,-55.4375,0.129150390625,0.0517578125,0.20654296875
"190",-26.625,-59.6875,3.17635091145833,2.205322265625,3.661865234375
"191",-26.625,-59.5625,11.4926901424632,2.197265625,19.475830078125
"192",-26.625,-59.4375,11.5369637112658,0.6036376953125,34.5078125
"193",-26.625,-59.3125,14.1770241146996,0.4002685546875,73.0367431640625
"194",-26.625,-59.1875,16.3818922186617,0.0164794921875,215.929077148438
"195",-26.625,-59.0625,26.6352477836609,0.206787109375,155.033355712891
"196",-26.625,-58.9375,31.916042296664,0.00848388671875,152.282501220703
"197",-26.625,-58.8125,8.77261914450025,0.001220703125,76.3341064453125
"198",-26.625,-58.6875,8.82553266336362,0.0361328125,53.638427734375
"199",-26.625,-58.5625,14.2062146184723,0.0015869140625,71.7893676757812
"200",-26.625,-58.4375,28.3453142229481,0.0960693359375,250.182830810547
"201",-26.625,-58.3125,17.7927163407977,0.025634765625,183.356079101562
"202",-26.625,-58.1875,11.8122247751575,0.02978515625,126.969482421875
"203",-26.625,-58.0625,11.6207172748921,0.0078125,63.353759765625
"204",-26.625,-57.9375,18.3048111155063,0.27392578125,79.1552734375
"205",-26.625,-57.8125,16.2531917602868,0.0439453125,79.03759765625
"206",-26.625,-57.6875,13.9639468211048,0.033447265625,135.111206054688
"207",-26.625,-57.5625,18.927247911174,0.0059814453125,139.612854003906
"208",-26.625,-57.4375,14.3741924357864,0.0054931640625,85.7861328125
"209",-26.625,-57.3125,11.0642836041585,0.0029296875,86.435791015625
"210",-26.625,-57.1875,23.783548726664,0.0478515625,106.185913085938
"211",-26.625,-57.0625,27.6492020206748,0.3619384765625,151.477416992188
"212",-26.625,-56.9375,23.2428115982193,0.3408203125,187.540191650391
"213",-26.625,-56.8125,18.0089926430212,0.076416015625,130.81591796875
"214",-26.625,-56.6875,14.3032703286797,0.124267578125,106.136474609375
"215",-26.625,-56.5625,10.3894787910657,0.026123046875,74.8140869140625
"216",-26.625,-56.4375,9.35584008994223,0.0029296875,43.276123046875
"217",-26.625,-56.3125,9.39232296413845,0.001953125,54.20263671875
"218",-26.625,-56.1875,15.6564276666925,0.0166015625,745.785888671875
"219",-26.625,-56.0625,21.6871836136798,0.04052734375,751.633178710938
"220",-26.625,-55.9375,7.6237060546875,0.009765625,161.12939453125
"221",-26.625,-55.8125,56.2195690524194,0.00146484375,2864.4775390625
"222",-26.625,-55.6875,0.113589079483696,0.00634765625,0.2861328125
"223",-26.625,-55.5625,12.449609375,0.02197265625,108.3828125
"224",-26.625,-55.4375,530.920389811198,0.0625,3515.00708007812
"225",-26.625,-55.3125,111.51220703125,80.6318359375,142.392578125
"226",-26.375,-59.4375,9.83795166015625,4.890869140625,17.866943359375
"227",-26.375,-59.3125,11.0360822175678,0.08935546875,24.0693359375
"228",-26.375,-59.1875,16.9027709960938,0.0963134765625,103.597290039062
"229",-26.375,-59.0625,37.7071869552776,0.212646484375,241.802185058594
"230",-26.375,-58.9375,45.3824316011805,0.00946044921875,271.587585449219
"231",-26.375,-58.8125,17.2403214234816,0.0189208984375,256.762451171875
"232",-26.375,-58.6875,9.92519739171961,0.02392578125,248.89501953125
"233",-26.375,-58.5625,16.2309869854267,0.2091064453125,102.410400390625
"234",-26.375,-58.4375,57.179156210716,0.15093994140625,253.213806152344
"235",-26.375,-58.3125,43.9088186758536,0.0079345703125,261.738586425781
"236",-26.375,-58.1875,11.1519920465699,0.0009765625,201.631958007812
"237",-26.375,-58.0625,9.93841484462388,0.00634765625,118.43896484375
"238",-26.375,-57.9375,19.1640192057292,0.5950927734375,135.441162109375
"239",-26.375,-57.8125,21.3201058974288,0.297882080078125,72.9125671386719
"240",-26.375,-57.6875,24.0977303476045,0.0811767578125,109.321166992188
"241",-26.375,-57.5625,26.5803132849753,0.0477294921875,154.133666992188
"242",-26.375,-57.4375,18.8761934386897,0.0277099609375,147.440551757812
"243",-26.375,-57.3125,12.4745433910473,0.009033203125,128.0625
"244",-26.375,-57.1875,12.3952008292995,0.0166015625,126.404296875
"245",-26.375,-57.0625,14.4042456398548,0.133544921875,120.588134765625
"246",-26.375,-56.9375,13.3229390834081,0.0616455078125,59.764404296875
"247",-26.375,-56.8125,13.5140942981522,0.00830078125,54.711669921875
"248",-26.375,-56.6875,14.3945708403716,0.0869140625,55.490234375
"249",-26.375,-56.5625,11.0577288572029,0.018798828125,47.872314453125
"250",-26.375,-56.4375,6.60855823863636,0.001953125,45.1337890625
"251",-26.375,-56.3125,9.18819851345486,0.001953125,594.138671875
"252",-26.375,-56.1875,19.3682923782704,0.038818359375,738.45654296875
"253",-26.375,-56.0625,45.4550533085079,0.0029296875,969.807861328125
"254",-26.375,-55.9375,25.1666354523402,0.00048828125,3947.27124023438
"255",-26.375,-55.8125,113.417300112613,0.0009765625,3152.638671875
"256",-26.375,-55.6875,178.292915962838,0.0322265625,3081.94140625
"257",-26.375,-55.5625,119.986268939394,0.0791015625,705.12060546875
"258",-26.375,-55.4375,83.7484463778409,0.01611328125,298.697265625
"259",-26.375,-55.3125,790.462890625,473.0283203125,1107.8974609375
"260",-26.125,-59.3125,12.9873046875,12.9873046875,12.9873046875
"261",-26.125,-59.1875,12.9735897288603,0.085693359375,32.7213134765625
"262",-26.125,-59.0625,14.6013321314103,0.0205078125,115.322998046875
"263",-26.125,-58.9375,20.0672049046723,0.046875,119.26904296875
"264",-26.125,-58.8125,14.2860142299107,0.0203857421875,77.42041015625
"265",-26.125,-58.6875,11.3553296082002,0.0333251953125,251.759521484375
"266",-26.125,-58.5625,13.5663348466922,0.03466796875,264.679443359375
"267",-26.125,-58.4375,21.8549991031755,0.15277099609375,166.373046875
"268",-26.125,-58.3125,22.4284226114716,0.0009765625,268.113403320312
"269",-26.125,-58.1875,9.109670393988,0.0108642578125,224.353881835938
"270",-26.125,-58.0625,7.90682240461142,0.00830078125,51.4189453125
"271",-26.125,-57.9375,9.47126481201581,0.000244140625,109.877197265625
"272",-26.125,-57.8125,14.0073445991848,0.023681640625,118.59033203125
"273",-26.125,-57.6875,15.2743616104126,0.05859375,112.47119140625
"274",-26.125,-57.5625,14.8788542656844,0.0029296875,129.82568359375
"275",-26.125,-57.4375,13.3341966954673,0.08203125,138.529907226562
"276",-26.125,-57.3125,10.79542140697,0.005859375,143.226318359375
"277",-26.125,-57.1875,10.0330016121032,0.010009765625,133.261474609375
"278",-26.125,-57.0625,11.595576240647,0.005859375,112.4052734375
"279",-26.125,-56.9375,12.2266957787719,0.04736328125,108.341064453125
"280",-26.125,-56.8125,11.3505945340009,0.00927734375,106.29052734375
"281",-26.125,-56.6875,11.9413732449056,0.006591796875,55.081298828125
"282",-26.125,-56.5625,10.7060148031405,0.03466796875,55.8525390625
"283",-26.125,-56.4375,6.73664827774571,0.0068359375,44.25
"284",-26.125,-56.3125,17.2754813333745,0.0009765625,536.691162109375
"285",-26.125,-56.1875,137.461589612459,0.00244140625,3846.2294921875
"286",-26.125,-56.0625,39.5986122532895,0,2941.35888671875
"287",-26.125,-55.9375,15.0410011574074,0.00146484375,167.193359375
"288",-26.125,-55.8125,338.224476207386,0.06640625,2453.2763671875
"289",-26.125,-55.6875,176.942060990767,0.0107421875,1086.37890625
"290",-26.125,-55.5625,36.681674299569,0.04150390625,482.05859375
"291",-26.125,-55.4375,588.100655691964,1.00341796875,2419.99658203125
"292",-26.125,-55.3125,977.052734375,977.052734375,977.052734375
"293",-25.875,-59.1875,2.15087890625,2.15087890625,2.15087890625
"294",-25.875,-59.0625,10.5180719549006,0.752197265625,27.403076171875
"295",-25.875,-58.9375,11.9560686246617,0.0875244140625,33.0115966796875
"296",-25.875,-58.8125,12.281126063169,0.07470703125,37.6075439453125
"297",-25.875,-58.6875,11.8196215660743,0.0032958984375,60.885498046875
"298",-25.875,-58.5625,12.5982362318886,0.0438232421875,280.086303710938
"299",-25.875,-58.4375,12.418788151639,0.0234375,270.4052734375
"300",-25.875,-58.3125,10.0794375944062,0.024169921875,72.9571533203125
"301",-25.875,-58.1875,6.52568209498687,0.00634765625,29.920654296875
"302",-25.875,-58.0625,4.3070853489271,0.001708984375,21.47314453125
"303",-25.875,-57.9375,5.69495741656037,0.000244140625,40.14453125
"304",-25.875,-57.8125,7.37621305294193,0.00048828125,46.6103515625
"305",-25.875,-57.6875,8.1695175885835,0.004638671875,134.592041015625
"306",-25.875,-57.5625,12.2710211511789,0.004638671875,355.91845703125
"307",-25.875,-57.4375,9.82199007636356,0.0234375,212.37548828125
"308",-25.875,-57.3125,7.6678210259829,0.000732421875,208.67138671875
"309",-25.875,-57.1875,8.47477521979774,0.069580078125,206.872802734375
"310",-25.875,-57.0625,9.21708468887463,0.06640625,202.10888671875
"311",-25.875,-56.9375,10.2872630931713,0.072998046875,102.090087890625
"312",-25.875,-56.8125,10.5024318023745,0.01220703125,77.279541015625
"313",-25.875,-56.6875,9.85522634497186,0.01318359375,59.64111328125
"314",-25.875,-56.5625,7.27843066177547,0.00439453125,45.23291015625
"315",-25.875,-56.4375,3.80021605739704,0,244.099609375
"316",-25.875,-56.3125,93.0247249082138,0.00244140625,4890.333984375
"317",-25.875,-56.1875,340.807274973291,0.009765625,4334.53076171875
"318",-25.875,-56.0625,141.773112769266,0.00732421875,3644.92260742188
"319",-25.875,-55.9375,31.757085755814,0.0068359375,488.01611328125
"320",-25.875,-55.8125,471.74462890625,0.0361328125,4400.4111328125
"321",-25.875,-55.6875,15.7354775705645,0.00830078125,160.25244140625
"322",-25.875,-55.5625,90.6201171875,2.17333984375,445.72900390625
"323",-25.875,-55.4375,724.18212890625,90.87548828125,1040.83544921875
"324",-25.625,-59.0625,1.866943359375,1.866943359375,1.866943359375
"325",-25.625,-58.9375,9.08869171142578,1.4493408203125,13.692138671875
"326",-25.625,-58.8125,9.83609087039263,0.150146484375,26.0718994140625
"327",-25.625,-58.6875,9.8146206559806,0.1197509765625,41.765869140625
"328",-25.625,-58.5625,9.82144507749833,0.0487060546875,41.3607177734375
"329",-25.625,-58.4375,9.19159854609073,0.00927734375,40.728515625
"330",-25.625,-58.3125,8.36837667204797,0.071533203125,34.482666015625
"331",-25.625,-58.1875,7.56101251132246,0.028564453125,34.98486328125
"332",-25.625,-58.0625,8.25471940104167,0.03173828125,42.887939453125
"333",-25.625,-57.9375,12.4378664840254,0.03857421875,344.728271484375
"334",-25.625,-57.8125,19.4692702368292,0.031982421875,366.324462890625
"335",-25.625,-57.6875,14.0040632374499,0.010009765625,360.55615234375
"336",-25.625,-57.5625,11.0418309248786,0.00390625,246.9521484375
"337",-25.625,-57.4375,8.07138506355932,0.01416015625,34.242431640625
"338",-25.625,-57.3125,7.13350412635606,0.010009765625,59.209716796875
"339",-25.625,-57.1875,7.48119314093339,0.002197265625,56.673583984375
"340",-25.625,-57.0625,6.75856168035784,0.0068359375,34.12646484375
"341",-25.625,-56.9375,9.47787810164037,0.02783203125,96.134521484375
"342",-25.625,-56.8125,11.5931137884396,0.0322265625,71.033447265625
"343",-25.625,-56.6875,8.97073325032134,0.003173828125,261.867431640625
"344",-25.625,-56.5625,28.5230010986328,0.0009765625,4275.91943359375
"345",-25.625,-56.4375,347.139783135776,0.00146484375,4989.92236328125
"346",-25.625,-56.3125,884.392351973684,0.05810546875,4841.1025390625
"347",-25.625,-56.1875,745.257134331597,8.4248046875,4556.998046875
"348",-25.625,-56.0625,303.396982046274,0,4323.10400390625
"349",-25.625,-55.9375,636.168667879972,0.01806640625,4389.15283203125
"350",-25.625,-55.8125,190.031278722426,0.19482421875,2090.2099609375
"351",-25.625,-55.6875,49.1903782894737,0.00048828125,267.27783203125
"352",-25.625,-55.5625,318.321126302083,0.20654296875,1694.57373046875
"353",-25.625,-55.4375,3510.39697265625,3510.39697265625,3510.39697265625
"354",-25.375,-60.5625,0.00390625,0.00390625,0.00390625
"355",-25.375,-60.4375,34.5166015625,0.02392578125,137.625
"356",-25.375,-60.3125,0.07177734375,0.056640625,0.0869140625
"357",-25.375,-59.3125,74.095703125,73.89111328125,74.30029296875
"358",-25.375,-58.9375,36.4402313232422,20.7056884765625,67.3502197265625
"359",-25.375,-58.8125,13.9335571289063,4.051513671875,52.64013671875
"360",-25.375,-58.6875,9.99692535400391,0.0252685546875,21.935302734375
"361",-25.375,-58.5625,10.1915893554688,0.0667724609375,37.543701171875
"362",-25.375,-58.4375,7.35703822544643,0.07861328125,24.550537109375
"363",-25.375,-58.3125,7.19787811814693,0.002197265625,56.32275390625
"364",-25.375,-58.1875,11.7188233350166,0.005859375,77.072509765625
"365",-25.375,-58.0625,11.2467409426028,0.017578125,220.91552734375
"366",-25.375,-57.9375,19.8944489794174,0.008056640625,321.387939453125
"367",-25.375,-57.8125,10.1768981746942,0.00146484375,64.544677734375
"368",-25.375,-57.6875,7.91128223636079,0.025390625,36.958740234375
"369",-25.375,-57.5625,8.95796055947581,0.068359375,40.468017578125
"370",-25.375,-57.4375,7.72379828559028,0.0029296875,52.37939453125
"371",-25.375,-57.3125,6.34339597892493,0.00341796875,52.79052734375
"372",-25.375,-57.1875,6.89439376881748,0.003173828125,57.745849609375
"373",-25.375,-57.0625,7.82488359723772,0.003662109375,91.605224609375
"374",-25.375,-56.9375,9.14678303246359,0.00244140625,248.525390625
"375",-25.375,-56.8125,6.43418026194853,0.0009765625,262.692138671875
"376",-25.375,-56.6875,224.84057795827,0.00146484375,4908.1103515625
"377",-25.375,-56.5625,321.694841210222,0.00244140625,4952.78515625
"378",-25.375,-56.4375,296.76220703125,0.01171875,4956.46337890625
"379",-25.375,-56.3125,3.58565027573529,0.0087890625,59.17431640625
"380",-25.375,-56.1875,184.888052133413,0.01513671875,3073.08984375
"381",-25.375,-56.0625,173.969633556548,0.0771484375,735.740234375
"382",-25.375,-55.9375,198.439290364583,9.578125,1604.15966796875
"383",-25.375,-55.8125,75.2068876378677,4.203125,295.02490234375
"384",-25.375,-55.6875,1564.26220703125,74.52587890625,4504.37744140625
"385",-25.375,-55.5625,4045.77368164062,3139.60302734375,4951.9443359375
"386",-25.125,-60.6875,40.65380859375,40.65380859375,40.65380859375
"387",-25.125,-60.5625,10.2039184570312,0.099609375,34.446044921875
"388",-25.125,-59.6875,11.248779296875,7.33203125,15.16552734375
"389",-25.125,-59.5625,27.725048828125,4.63037109375,59.06396484375
"390",-25.125,-59.4375,74.631103515625,2.513671875,151.16357421875
"391",-25.125,-59.3125,79.5238211495536,6.5068359375,152.45361328125
"392",-25.125,-59.1875,97.0472237723214,29.523193359375,164.543701171875
"393",-25.125,-59.0625,74.1812569754464,0.251220703125,176.609619140625
"394",-25.125,-58.9375,62.6207646908967,0.392822265625,137.253173828125
"395",-25.125,-58.8125,32.848046875,14.678955078125,63.7318115234375
"396",-25.125,-58.6875,47.0994567871094,17.2249755859375,73.3287963867188
"397",-25.125,-58.5625,5.4622802734375,2.23583984375,9.5518798828125
"398",-25.125,-58.4375,10.55908203125,0.0289306640625,22.2686767578125
"399",-25.125,-58.3125,8.7205859375,0.0546875,51.19189453125
"400",-25.125,-58.1875,13.7257648421685,0.10986328125,96.5517578125
"401",-25.125,-58.0625,22.0951908207594,0.150146484375,221.2431640625
"402",-25.125,-57.9375,28.6567255986201,0.018798828125,316.11669921875
"403",-25.125,-57.8125,9.46994906338778,0.01904296875,32.589599609375
"404",-25.125,-57.6875,8.21624673749299,0.0478515625,39.368408203125
"405",-25.125,-57.5625,7.45708975162146,0.0009765625,58.53173828125
"406",-25.125,-57.4375,7.08058390166938,0.00390625,61.532470703125
"407",-25.125,-57.3125,7.4098731814407,0.002197265625,63.583984375
"408",-25.125,-57.1875,6.41233971262147,0.005126953125,146.916015625
"409",-25.125,-57.0625,7.72056570452844,0.01220703125,230.236328125
"410",-25.125,-56.9375,4.72816034107257,0.00048828125,147.119140625
"411",-25.125,-56.8125,9.20977975137579,0,925.50927734375
"412",-25.125,-56.6875,248.503887287621,0.00146484375,3646.4453125
"413",-25.125,-56.5625,181.448959812973,0.01220703125,2231.21508789062
"414",-25.125,-56.4375,154.2412109375,0.08447265625,785.66162109375
"415",-25.125,-56.3125,177.143932711694,0.07275390625,1342.46240234375
"416",-25.125,-56.1875,367.527303059896,2.42529296875,2816.05029296875
"417",-25.125,-56.0625,226.609828404018,33.5595703125,544.9951171875
"418",-25.125,-55.9375,738.091934204102,9.95458984375,4378.85791015625
"419",-25.125,-55.8125,3508.10505022321,2550.82739257812,4744.7900390625
"420",-25.125,-55.6875,4742.09765625,4686.4912109375,4797.7041015625
"421",-24.875,-60.5625,17.2281901041667,8.666015625,26.98193359375
"422",-24.875,-60.4375,4.87027994791667,1.72021484375,7.57568359375
"423",-24.875,-60.3125,0.143229166666667,0.08203125,0.1904296875
"424",-24.875,-60.1875,0.1328125,0.1328125,0.1328125
"425",-24.875,-60.0625,1604.7060546875,1604.7060546875,1604.7060546875
"426",-24.875,-59.9375,9.16015625,9.16015625,9.16015625
"427",-24.875,-59.8125,8.6328125,2.66650390625,14.59912109375
"428",-24.875,-59.6875,21.6943359375,12.10009765625,40.8828125
"429",-24.875,-59.5625,12.982666015625,11.502685546875,14.61181640625
"430",-24.875,-59.4375,30.307861328125,3.112548828125,137.7666015625
"431",-24.875,-59.3125,38.5227864583333,1.3701171875,136.820068359375
"432",-24.875,-59.1875,69.1027456430288,3.031005859375,154.260009765625
"433",-24.875,-59.0625,92.1424560546875,0.166015625,172.53857421875
"434",-24.875,-58.9375,57.3744049072266,3.3759765625,167.729736328125
"435",-24.875,-58.8125,17.6827189127604,4.9873046875,28.794921875
"436",-24.875,-58.6875,31.032958984375,12.12451171875,81.028564453125
"437",-24.875,-58.5625,20.2446196933962,1.149169921875,80.46826171875
"438",-24.875,-58.4375,11.6983522227113,0.182373046875,48.587158203125
"439",-24.875,-58.3125,10.1886728647593,0.068603515625,57.724853515625
"440",-24.875,-58.1875,14.9884977729072,0.00146484375,111.761474609375
"441",-24.875,-58.0625,24.3569155092593,0.046142578125,319.69921875
"442",-24.875,-57.9375,35.6199268326449,0.208984375,348.63427734375
"443",-24.875,-57.8125,11.3249258319299,0.026611328125,84.26806640625
"444",-24.875,-57.6875,8.28295643593424,0.0087890625,77.073486328125
"445",-24.875,-57.5625,5.96882254178407,0.009765625,69.087890625
"446",-24.875,-57.4375,6.06493883092695,0.0029296875,70.969482421875
"447",-24.875,-57.3125,76.8194417023917,0.000244140625,3918.28784179688
"448",-24.875,-57.1875,44.4235783395051,0.00927734375,3908.08642578125
"449",-24.875,-57.0625,3.45791543496622,0.001953125,161.9345703125
"450",-24.875,-56.9375,1.3751220703125,0.00048828125,278.51220703125
"451",-24.875,-56.8125,30.2798798973881,0.0009765625,1872.62841796875
"452",-24.875,-56.6875,16.2691451671512,0.015625,287.1962890625
"453",-24.875,-56.5625,7.42150457974138,0.00146484375,112.619140625
"454",-24.875,-56.4375,35.8691193953804,0.00244140625,381.58349609375
"455",-24.875,-56.3125,245.0822265625,0.01416015625,1304.8095703125
"456",-24.875,-56.1875,1877.61676897321,227.82373046875,4068.39013671875
"457",-24.875,-56.0625,713.498990885417,2.322265625,4685.62255859375
"458",-24.875,-55.9375,75.576171875,75.576171875,75.576171875
"459",-24.625,-60.6875,4.84765625,0.63427734375,12.009521484375
"460",-24.625,-60.5625,206.368998209635,19.489013671875,1082.12487792969
"461",-24.625,-60.4375,170.911754261364,3.234375,944.0380859375
"462",-24.625,-60.3125,141.021402994792,0.150390625,819.74658203125
"463",-24.625,-60.1875,665.917578125,0.11669921875,3463.78515625
"464",-24.625,-60.0625,2835.02139820772,241.041015625,4993.3212890625
"465",-24.625,-59.9375,2232.99982561384,325.07958984375,4793.4697265625
"466",-24.625,-59.8125,1254.42358398438,1.619140625,4994.5205078125
"467",-24.625,-59.6875,21.8176676432292,0.10205078125,68.69775390625
"468",-24.625,-59.5625,16.001123046875,0.00830078125,68.23828125
"469",-24.625,-59.4375,217.46947265625,0.5859375,4918.60205078125
"470",-24.625,-59.3125,99.1559771369485,0.6259765625,1164.09716796875
"471",-24.625,-59.1875,286.111343383789,0.0771484375,1203.93237304688
"472",-24.625,-59.0625,344.15125093006,0.73193359375,1186.38232421875
"473",-24.625,-58.9375,110.137739701705,0.588623046875,1273.92602539062
"474",-24.625,-58.8125,65.2469371448864,5.804931640625,1281.34643554688
"475",-24.625,-58.6875,26.148443177689,0.3046875,176.95458984375
"476",-24.625,-58.5625,25.2406391893697,0.230712890625,177.195556640625
"477",-24.625,-58.4375,15.0027696397569,0.249267578125,61.836669921875
"478",-24.625,-58.3125,10.2068274631973,0.050048828125,34.97021484375
"479",-24.625,-58.1875,13.6610380006068,0.008544921875,142.803466796875
"480",-24.625,-58.0625,15.9759805368823,0.01318359375,361.680908203125
"481",-24.625,-57.9375,17.8755988539579,0.0126953125,283.265625
"482",-24.625,-57.8125,7.75676505796371,0.00634765625,135.62890625
"483",-24.625,-57.6875,6.13780447670017,0.01904296875,32.54052734375
"484",-24.625,-57.5625,3.21217267786561,0.00390625,28.45361328125
"485",-24.625,-57.4375,0.341983683188601,0,17.97900390625
"486",-24.625,-57.3125,9.91056936885534,0.00048828125,322.01318359375
"487",-24.625,-57.1875,159.134758559837,0.00048828125,4924.33154296875
"488",-24.625,-57.0625,0.476986009247449,0.0009765625,23.78515625
"489",-24.625,-56.9375,1.97464176100128,0.00146484375,86.25439453125
"490",-24.625,-56.8125,13.7082567401961,0.00341796875,257.09814453125
"491",-24.625,-56.6875,66.551416015625,0.033203125,682.98095703125
"492",-24.625,-56.5625,1258.10525948661,0.11962890625,4385.2509765625
"493",-24.625,-56.4375,861.614908854167,0.1484375,4468.61328125
"494",-24.625,-56.3125,2594.67966871995,16.6943359375,4983.39697265625
"495",-24.625,-56.1875,3238.67789359715,38.4775390625,4961.7607421875
"496",-24.625,-56.0625,1462.46011629972,40.93603515625,4971.87890625
"497",-24.375,-60.8125,50.644287109375,50.644287109375,50.644287109375
"498",-24.375,-60.6875,24.7880045572917,16.75732421875,36.03759765625
"499",-24.375,-60.5625,57.0500895182292,13.40966796875,196.081787109375
"500",-24.375,-60.4375,34.95751953125,32.4736328125,37.44140625
"501",-24.375,-60.3125,137.188232421875,4.6875,847.145263671875
"502",-24.375,-60.1875,1877.31954520089,1.22314453125,4826.736328125
"503",-24.375,-60.0625,750.336751302083,103.87646484375,3739.29248046875
"504",-24.375,-59.9375,1083.11854248047,0.06591796875,3972.89013671875
"505",-24.375,-59.8125,246.228955078125,0.01708984375,2396.287109375
"506",-24.375,-59.6875,307.569279597356,0.0302734375,4946.9248046875
"507",-24.375,-59.5625,243.99658203125,0.02783203125,1848.048828125
"508",-24.375,-59.4375,361.517371544471,0.00146484375,3173.63037109375
"509",-24.375,-59.3125,690.606467013889,0.01513671875,4567.3642578125
"510",-24.375,-59.1875,110.160243890224,0.005859375,1183.6953125
"511",-24.375,-59.0625,33.5053276909722,0.974609375,151.5498046875
"512",-24.375,-58.9375,34.3222964175113,0.09130859375,272.049560546875
"513",-24.375,-58.8125,29.100881029212,0.02001953125,316.5146484375
"514",-24.375,-58.6875,25.2382146024156,0.00341796875,269.85693359375
"515",-24.375,-58.5625,27.6188897401588,0.1171875,259.71484375
"516",-24.375,-58.4375,29.382197709517,0.0341796875,2076.26733398438
"517",-24.375,-58.3125,18.9614052220395,0.190185546875,129.421142578125
"518",-24.375,-58.1875,27.8283203125,0.00341796875,344.968994140625
"519",-24.375,-58.0625,59.3684421115451,0.00146484375,498.040283203125
"520",-24.375,-57.9375,15.3093891464661,0.00244140625,503.53076171875
"521",-24.375,-57.8125,171.128465479739,0.00146484375,4988.01513671875
"522",-24.375,-57.6875,88.1632663422981,0.00146484375,4989.48779296875
"523",-24.375,-57.5625,74.1050391722261,0.00146484375,4999.8046875
"524",-24.375,-57.4375,98.4429292529041,0,4996.14111328125
"525",-24.375,-57.3125,19.6773642263105,0.00048828125,1547.73779296875
"526",-24.375,-57.1875,34.2148421490779,0.0009765625,1074.88134765625
"527",-24.375,-57.0625,76.1124401913876,0.001953125,4022.42065429688
"528",-24.375,-56.9375,20.3591889880952,0.00146484375,285.8427734375
"529",-24.375,-56.8125,195.708170572917,0.056640625,2806.7783203125
"530",-24.375,-56.6875,132.769287109375,0.12744140625,838.50439453125
"531",-24.375,-56.5625,498.711390904018,0,3482.99609375
"532",-24.375,-56.4375,3540.56117876838,2.07568359375,4996.68359375
"533",-24.375,-56.3125,3960.97370256696,47.05029296875,4985.6005859375
"534",-24.375,-56.1875,1879.64770507812,254.3837890625,3504.91162109375
"535",-24.125,-60.8125,252.705322265625,252.705322265625,252.705322265625
"536",-24.125,-60.6875,45.4122924804688,23.22802734375,69.740234375
"537",-24.125,-60.5625,23.490966796875,15.17724609375,38.443603515625
"538",-24.125,-60.4375,98.3043823242188,12.784423828125,211.65380859375
"539",-24.125,-60.3125,40.517578125,39.40771484375,41.62744140625
"540",-24.125,-60.1875,61.298828125,0.0810546875,229.599609375
"541",-24.125,-60.0625,159.1806640625,0.8125,383.0693359375
"542",-24.125,-59.9375,3158.55621892756,4.82421875,4997.609375
"543",-24.125,-59.8125,1471.419140625,0.0244140625,4270.7568359375
"544",-24.125,-59.6875,1003.044921875,114.6005859375,2700.76293945312
"545",-24.125,-59.5625,1942.22953527114,25.65966796875,4986.3603515625
"546",-24.125,-59.4375,160.886086203835,0.025390625,856.26953125
"547",-24.125,-59.3125,637.673805414244,0.11083984375,3920.8681640625
"548",-24.125,-59.1875,5.42219073073308,0.00048828125,164.59228515625
"549",-24.125,-59.0625,5.51382037290593,0.00146484375,325.69482421875
"550",-24.125,-58.9375,77.6490058273566,0.00048828125,4954.78125
"551",-24.125,-58.8125,205.053250388248,0,4762.46630859375
"552",-24.125,-58.6875,199.297931229441,0.00244140625,4969.97412109375
"553",-24.125,-58.5625,1936.01585535195,0.00390625,4999.74658203125
"554",-24.125,-58.4375,1575.33763194308,0.0009765625,4998.96240234375
"555",-24.125,-58.3125,240.163783907475,0.0009765625,4841.60595703125
"556",-24.125,-58.1875,232.390223464686,0.00048828125,4990.2216796875
"557",-24.125,-58.0625,48.100783389878,0.00048828125,4798.5087890625
"558",-24.125,-57.9375,164.311256434208,0,4967.716796875
"559",-24.125,-57.8125,35.5552764357182,0.0009765625,2308.67431640625
"560",-24.125,-57.6875,385.717727696868,0.00048828125,4965.07568359375
"561",-24.125,-57.5625,208.776459034616,0.0009765625,4855.6611328125
"562",-24.125,-57.4375,244.185219147246,0,4187.1826171875
"563",-24.125,-57.3125,183.608401100852,0.0009765625,4572.98779296875
"564",-24.125,-57.1875,418.054754000991,0.00341796875,4522.4970703125
"565",-24.125,-57.0625,835.685043092758,0.0048828125,4924.86328125
"566",-24.125,-56.9375,1488.04950695503,0.064453125,4678.3994140625
"567",-24.125,-56.8125,1850.8797228583,0.0380859375,4856.59765625
"568",-24.125,-56.6875,1773.64720052083,0.00439453125,4972.8349609375
"569",-24.125,-56.5625,1986.40612495236,0.01806640625,4996.4375
"570",-24.125,-56.4375,4612.42792426215,2613.54565429688,4954.84765625
"571",-23.875,-60.8125,320.52587890625,320.52587890625,320.52587890625
"572",-23.875,-60.6875,18.746826171875,18.746826171875,18.746826171875
"573",-23.875,-60.5625,86.42666015625,44.606689453125,124.23779296875
"574",-23.875,-60.4375,142.20683149858,12.05859375,251.215576171875
"575",-23.875,-60.3125,127.087944878472,2.3369140625,298.364501953125
"576",-23.875,-60.1875,76.1107066761364,0.076171875,353.68505859375
"577",-23.875,-60.0625,63.6431477864583,33.69677734375,190.1640625
"578",-23.875,-59.9375,55.9407552083333,27.3408203125,162.77392578125
"579",-23.875,-59.8125,99.912353515625,0.8447265625,589.23095703125
"580",-23.875,-59.6875,278.501559584888,0.59326171875,4858.6748046875
"581",-23.875,-59.5625,249.421311193233,0.00048828125,4871.998046875
"582",-23.875,-59.4375,397.417567099294,0.009765625,4508.53515625
"583",-23.875,-59.3125,443.639853200605,0.04541015625,4662.888671875
"584",-23.875,-59.1875,560.475316540948,0.00244140625,4976.6806640625
"585",-23.875,-59.0625,803.234395777925,0.00390625,4909.521484375
"586",-23.875,-58.9375,2259.45502899914,0.00146484375,4995.1337890625
"587",-23.875,-58.8125,2011.01614234561,0.0068359375,4990.98095703125
"588",-23.875,-58.6875,962.487560546875,0.00244140625,4932.5791015625
"589",-23.875,-58.5625,257.566432143703,0,4916.9521484375
"590",-23.875,-58.4375,370.580917241919,0,4987.37158203125
"591",-23.875,-58.3125,117.97192905971,0.00048828125,4926.58544921875
"592",-23.875,-58.1875,355.841703451209,0.00048828125,4735.693359375
"593",-23.875,-58.0625,89.4421320734797,0.0029296875,4589.0185546875
"594",-23.875,-57.9375,278.352905273438,0,4383.560546875
"595",-23.875,-57.8125,1523.96768651651,0.0029296875,4998.248046875
"596",-23.875,-57.6875,2003.99849907635,0.00146484375,4999.8046875
"597",-23.875,-57.5625,2080.02380437436,0.04150390625,4997.72998046875
"598",-23.875,-57.4375,2337.09395631602,0,4999.3876953125
"599",-23.875,-57.3125,2015.00747358429,0.00146484375,4999.53955078125
"600",-23.875,-57.1875,2770.2011069646,0.00048828125,4999.5751953125
"601",-23.875,-57.0625,1941.47431733337,0.2119140625,4999.39697265625
"602",-23.875,-56.9375,2310.01989237467,31.00927734375,4971.78173828125
"603",-23.875,-56.8125,3487.30221761068,157.04931640625,4992.7626953125
"604",-23.875,-56.6875,1222.52728271484,177.005859375,2759.14624023438
"605",-23.625,-60.6875,176.583984375,69.3408203125,390.025634765625
"606",-23.625,-60.5625,179.27734375,81.838134765625,276.716552734375
"607",-23.625,-60.4375,155.329833984375,15.84228515625,394.89208984375
"608",-23.625,-60.3125,189.452747691761,1.173583984375,635.443359375
"609",-23.625,-60.1875,146.808536305147,0.73291015625,686.040771484375
"610",-23.625,-60.0625,42.2102728949653,6.763671875,154.845947265625
"611",-23.625,-59.9375,120.380035400391,0.1708984375,698.474365234375
"612",-23.625,-59.8125,173.179067758413,1.08154296875,903.029541015625
"613",-23.625,-59.6875,117.463168440194,1.0966796875,894.264404296875
"614",-23.625,-59.5625,391.57384506537,0.01611328125,1427.81591796875
"615",-23.625,-59.4375,541.983803353659,0.01416015625,4214.3232421875
"616",-23.625,-59.3125,1910.97183388158,10.775390625,4897.9267578125
"617",-23.625,-59.1875,4203.45029296875,59.1123046875,4993.07421875
"618",-23.625,-59.0625,4418.29624782986,28.3115234375,4998.28759765625
"619",-23.625,-58.9375,2344.6079462466,0.17822265625,4990.64111328125
"620",-23.625,-58.8125,2144.363286379,0.00146484375,4992.7333984375
"621",-23.625,-58.6875,2736.31720484083,0.0205078125,4998.98828125
"622",-23.625,-58.5625,2600.18711784616,0.005859375,4999.1474609375
"623",-23.625,-58.4375,2248.44439408658,0.05419921875,4999.3974609375
"624",-23.625,-58.3125,1944.77387363471,0.0009765625,4999.95849609375
"625",-23.625,-58.1875,2542.0808496646,0.0029296875,4999.95556640625
"626",-23.625,-58.0625,965.802646864854,6.6357421875,4999.90283203125
"627",-23.625,-57.9375,2185.43188294707,0.0078125,4999.57958984375
"628",-23.625,-57.8125,3136.67098693848,0.0341796875,4998.59326171875
"629",-23.625,-57.6875,2821.53848561933,13.23583984375,4992.04931640625
"630",-23.625,-57.5625,3845.08102858971,7.19140625,4993.59765625
"631",-23.625,-57.4375,3308.30142686632,5.00341796875,4999.5419921875
"632",-23.625,-57.3125,1233.60787963867,101.9697265625,4952.2724609375
"633",-23.625,-57.1875,2366.84635416667,1320.11474609375,4457.7802734375
"634",-23.625,-56.9375,1693.74994574653,1623.4990234375,1729.97827148438
"635",-23.375,-60.6875,75.4546508789062,16.801513671875,131.801025390625
"636",-23.375,-60.5625,505.398376464844,94.119140625,768.5859375
"637",-23.375,-60.4375,152.175944010417,72.93115234375,227.426025390625
"638",-23.375,-60.3125,132.491973876953,19.176025390625,338.2490234375
"639",-23.375,-60.1875,145.609876844618,4.77685546875,716.317138671875
"640",-23.375,-60.0625,192.300982306985,17.247314453125,707.412353515625
"641",-23.375,-59.9375,432.028759765625,30.408203125,876.567138671875
"642",-23.375,-59.8125,445.218577067057,4.25390625,1372.49194335938
"643",-23.375,-59.6875,530.7494140625,0.26513671875,1583.36669921875
"644",-23.375,-59.5625,299.830927068537,0.03369140625,1509.71899414062
"645",-23.375,-59.4375,194.108027814383,0.00732421875,1293.99267578125
"646",-23.375,-59.3125,1013.97393439798,26.169921875,3350.24340820312
"647",-23.375,-59.1875,1909.07650479403,5.6220703125,4984.47509765625
"648",-23.375,-59.0625,893.01723975466,2.0244140625,4930.62890625
"649",-23.375,-58.9375,1343.73138853561,0.03515625,4974.2421875
"650",-23.375,-58.8125,1968.27095436031,0.1435546875,4998.64990234375
"651",-23.375,-58.6875,1577.95275878906,219.228515625,4609.9453125
"652",-23.375,-58.5625,3834.38502394807,96.0869140625,4999.10791015625
"653",-23.375,-58.4375,1395.18942987351,26.32177734375,4996.57763671875
"654",-23.375,-58.3125,2601.60270367849,0.09619140625,4996.88671875
"655",-23.375,-58.1875,3038.39991922581,0.15576171875,4999.14599609375
"656",-23.375,-58.0625,2124.84266986269,341.29638671875,4972.18310546875
"657",-23.375,-57.9375,1989.96097310384,222.009765625,4998.33984375
"658",-23.375,-57.8125,2153.27612304688,333.0546875,4743.33984375
"659",-23.375,-56.9375,1788.77262369792,1753.44360351562,1828.82202148438
"660",-23.375,-56.8125,1904.24956054688,1864.47021484375,1960.24755859375
"661",-23.375,-56.6875,2029.451953125,1999.24755859375,2072.97265625
"662",-23.375,-56.5625,2176.45068359375,2120.15063476562,2212.74731445312
"663",-23.125,-60.8125,30.97607421875,30.97607421875,30.97607421875
"664",-23.125,-60.6875,322.233561197917,17.23291015625,488.042236328125
"665",-23.125,-60.5625,149.83056640625,68.980224609375,345.379150390625
"666",-23.125,-60.4375,153.619079589844,1.583984375,761.896240234375
"667",-23.125,-60.3125,172.984584263393,0.48486328125,673.935546875
"668",-23.125,-60.1875,170.335171786222,5.4072265625,657.31787109375
"669",-23.125,-60.0625,230.259299538352,9.365966796875,1050.13891601562
"670",-23.125,-59.9375,334.667242140997,6.47802734375,1105.65966796875
"671",-23.125,-59.8125,524.247398376465,5.01318359375,1565.259765625
"672",-23.125,-59.6875,498.857513427734,10.445556640625,2376.45385742188
"673",-23.125,-59.5625,813.525726318359,9.02880859375,2351.55126953125
"674",-23.125,-59.4375,352.968017578125,0.408203125,3571.06860351562
"675",-23.125,-59.3125,673.354519930753,0.52294921875,3605.12475585938
"676",-23.125,-59.1875,794.493076058321,3.80078125,3327.80834960938
"677",-23.125,-59.0625,1009.42278796284,4.12890625,3358.28466796875
"678",-23.125,-58.9375,1358.4343343099,5.0771484375,4971.49072265625
"679",-23.125,-58.8125,1916.40373091264,50.4013671875,4981.0126953125
"680",-23.125,-58.6875,1499.22627697961,32.63916015625,4944.2177734375
"681",-23.125,-58.5625,682.910978970462,38.09619140625,2724.59008789062
"682",-23.125,-58.4375,960.103655133929,28.8203125,2515.81640625
"683",-23.125,-58.3125,1361.17462479441,170.29296875,2391.58056640625
"684",-23.125,-58.1875,940.064181857639,223.21044921875,2431.15502929688
"685",-23.125,-58.0625,1012.12158203125,432.84619140625,2832.205078125
"686",-22.875,-60.8125,263.25712890625,0.083984375,1174.68725585938
"687",-22.875,-60.6875,274.4150390625,274.4150390625,274.4150390625
"688",-22.875,-60.5625,145.788104717548,33.6796875,310.98046875
"689",-22.875,-60.4375,51.994775390625,2.54248046875,152.7294921875
"690",-22.875,-60.3125,271.326555524554,0.750732421875,890.76318359375
"691",-22.875,-60.1875,425.193558304398,2.42138671875,1394.67236328125
"692",-22.875,-60.0625,427.80129107307,10.75634765625,1133.10034179688
"693",-22.875,-59.9375,258.627248663651,8.85400390625,1141.26049804688
"694",-22.875,-59.8125,886.558747944079,14.78271484375,2583.7197265625
"695",-22.875,-59.6875,1159.56810477121,13.69287109375,2590.18359375
"696",-22.875,-59.5625,739.237506734914,0.86572265625,2123.041015625
"697",-22.875,-59.4375,835.490853323063,6.0390625,3720.86596679688
"698",-22.875,-59.3125,456.372570503049,1.7392578125,2052.390625
"699",-22.875,-59.1875,657.146400853207,0.56396484375,2764.5380859375
"700",-22.875,-59.0625,1077.13931952582,3.38623046875,3316.08935546875
"701",-22.875,-58.9375,747.23418689165,28.87548828125,3163.41284179688
"702",-22.875,-58.8125,824.66883632115,27.33984375,2996.6650390625
"703",-22.875,-58.6875,853.222509765625,45.61279296875,2736.3388671875
"704",-22.875,-58.5625,1523.0732302782,32.78955078125,2695.74072265625
"705",-22.875,-58.4375,1446.5634765625,32.51611328125,2534.5732421875
"706",-22.875,-58.3125,1360.70971679688,1360.70971679688,1360.70971679688
"707",-22.625,-60.9375,296.716064453125,0.21875,593.21337890625
"708",-22.625,-60.8125,3780.79919433594,3762.51904296875,3799.07934570312
"709",-22.625,-60.6875,622.994232177734,36.571533203125,3550.25244140625
"710",-22.625,-60.5625,97.047607421875,37.4609375,151.877685546875
"711",-22.625,-60.4375,17.8413434709821,0.776123046875,111.67138671875
"712",-22.625,-60.3125,71.2384033203125,0.051025390625,588.4375
"713",-22.625,-60.1875,369.076448567708,4.264892578125,1169.28125
"714",-22.625,-60.0625,399.561939912684,0.0517578125,3917.64501953125
"715",-22.625,-59.9375,2659.71105957031,0.06298828125,3982.65698242188
"716",-22.625,-59.8125,3838.59399414062,3794.81640625,3890.5322265625
"717",-22.625,-59.6875,269.5224609375,114.980712890625,541.30029296875
"718",-22.625,-59.5625,698.943542480469,9.63525390625,1946.89770507812
"719",-22.625,-59.4375,1048.9496871014,0.82275390625,3771.20678710938
"720",-22.625,-59.3125,1173.45328776042,2.77001953125,3733.0595703125
"721",-22.625,-59.1875,1002.14706280048,0.951171875,3214.67578125
"722",-22.625,-59.0625,1145.12593199715,34.2802734375,3214.17724609375
"723",-22.625,-58.9375,1052.92799920551,28.4326171875,3035.88793945312
"724",-22.625,-58.8125,697.489774482195,27.80859375,2724.62329101562
"725",-22.625,-58.6875,1654.47780443274,30.69091796875,2661.4306640625
"726",-22.625,-58.5625,1305.8896484375,36.19970703125,2575.57958984375
"727",-22.375,-60.9375,63.73095703125,15.72119140625,111.74072265625
"728",-22.375,-60.8125,3763.23472377232,110.9228515625,4494.998046875
"729",-22.375,-60.6875,227.058642578125,40.0458984375,326.3359375
"730",-22.375,-60.5625,89.1385091145833,2.282470703125,229.592041015625
"731",-22.375,-60.4375,8.51165771484375,0.5986328125,15.373291015625
"732",-22.375,-60.3125,205.620239257812,16.760009765625,771.227294921875
"733",-22.375,-60.1875,785.319661458333,782.690185546875,789.8330078125
"734",-22.375,-60.0625,2576.61159551711,8.7265625,3909.53515625
"735",-22.375,-59.9375,14.5413411458333,7.0146484375,19.0498046875
"736",-22.375,-59.5625,1425.15789240057,1236.68774414062,1561.25439453125
"737",-22.375,-59.4375,553.299227086509,82.4755859375,1909.19750976562
"738",-22.375,-59.3125,1064.84363810221,38.4375,3712.44873046875
"739",-22.375,-59.1875,1166.24710633325,29.038818359375,3040.03588867188
"740",-22.375,-59.0625,677.291156969572,27.36669921875,2303.86767578125
"741",-22.375,-58.9375,1297.97852032001,29.6728515625,2335.74438476562
"742",-22.375,-58.8125,1533.0243733724,115.8935546875,2238.85498046875
"743",-22.375,-58.6875,2426.94694010417,2418.7734375,2439.82421875
"744",-22.125,-60.8125,2988.03019205729,545.583251953125,4769.0595703125
"745",-22.125,-60.6875,94.3141276041667,34.2861328125,165.451904296875
"746",-22.125,-60.5625,116.509765625,49.345703125,251.191162109375
"747",-22.125,-60.4375,10.9119873046875,2.275390625,21.5576171875
"748",-22.125,-60.3125,17.4853515625,17.4853515625,17.4853515625
"749",-22.125,-60.0625,17.93505859375,14.298828125,21.764892578125
"750",-22.125,-59.9375,18.1844012920673,9.86083984375,26.450927734375
"751",-22.125,-59.5625,1653.54988606771,1579.09130859375,1688.20141601562
"752",-22.125,-59.4375,1318.73081752232,576.1416015625,1939.61474609375
"753",-22.125,-59.3125,916.495162963867,42.642822265625,2777.03979492188
"754",-22.125,-59.1875,906.307444254557,34.64794921875,2765.11450195312
"755",-22.125,-59.0625,556.577410016741,97.147216796875,1176.52075195312
"756",-22.125,-58.9375,1003.44754638672,447.521240234375,2294.81982421875
"757",-22.125,-58.8125,2060.08432617188,1707.34497070312,2341.82934570312
"758",-22.125,-58.6875,1318.82023111979,417.42333984375,2329.10424804688
"759",-22.125,-58.5625,1610.24725341797,415.849609375,2357.12548828125
"760",-22.125,-58.4375,1369.76914760045,470.259033203125,2609.404296875
"761",-22.125,-58.3125,2571.880859375,2571.880859375,2571.880859375
"762",-21.875,-60.8125,569.992757161458,142.25439453125,1214.59423828125
"763",-21.875,-60.6875,2413.35393415179,147.020263671875,3429.25439453125
"764",-21.875,-60.5625,976.449096679688,36.6044921875,3159.83959960938
"765",-21.875,-60.4375,72.71953125,4.02001953125,137.710693359375
"766",-21.875,-60.3125,16.60009765625,7.758056640625,23.95849609375
"767",-21.875,-60.1875,19.3118896484375,9.51318359375,28.37744140625
"768",-21.875,-60.0625,22.0712541852679,16.736328125,32.00927734375
"769",-21.875,-59.9375,19.8097330729167,14.80029296875,28.587646484375
"770",-21.875,-59.5625,1607.93701171875,1592.67626953125,1623.19775390625
"771",-21.875,-59.4375,1555.18892415365,1539.845703125,1577.85083007812
"772",-21.875,-59.3125,1803.70291137695,1622.587890625,1970.66320800781
"773",-21.875,-59.1875,611.097676595052,328.896240234375,1979.59826660156
"774",-21.875,-59.0625,329.945068359375,329.945068359375,329.945068359375
"775",-21.875,-58.8125,470.648030598958,468.2666015625,472.09228515625
"776",-21.875,-58.5625,2033.82397460938,1999.76293945312,2067.88500976562
"777",-21.875,-58.3125,450.619018554688,446,455.238037109375
"778",-21.625,-60.6875,240.6484375,240.6484375,240.6484375
"779",-21.625,-60.5625,99.3604329427083,27.979248046875,221.28662109375
"780",-21.625,-60.4375,91.0037064985795,23.200439453125,189.758056640625
"781",-21.625,-60.3125,117.691162109375,5.40625,222.823974609375
"782",-21.625,-60.1875,75.0040893554688,32.37646484375,146.387451171875
"783",-21.625,-59.5625,11.3115234375,9.9501953125,12.6728515625
"784",-21.375,-60.4375,68.503662109375,68.503662109375,68.503662109375
"785",-21.375,-60.3125,101.064534505208,78.71630859375,145.64013671875
"786",-21.375,-60.1875,80.0119222005208,7.387451171875,141.8701171875
"787",-21.375,-60.0625,114.519232855903,20.54833984375,239.864501953125
"788",-21.375,-59.9375,102.191057477679,6.12841796875,236.5712890625
"789",-21.375,-59.8125,102.520874023438,60.466552734375,139.453369140625
"790",-21.375,-59.6875,83.0589599609375,11.48876953125,159.739013671875
"791",-21.375,-59.5625,72.1558837890625,12.813720703125,131.498046875
"792",-21.125,-60.0625,138.099609375,138.099609375,138.099609375
"793",-21.125,-59.9375,163.18154296875,75.595458984375,257.14990234375
"794",-21.125,-59.6875,109.14990234375,94.246826171875,121.435791015625
"795",-21.125,-59.5625,108.575927734375,97.365966796875,123.245849609375
"796",-20.875,-60.1875,153.583251953125,153.583251953125,153.583251953125
"797",-20.875,-60.0625,159.7587890625,159.7587890625,159.7587890625
"798",-20.875,-59.9375,226.481994628906,216.33349609375,252.284423828125
"799",-20.875,-59.8125,206.693498883929,103.19775390625,268.13232421875
"800",-20.875,-59.5625,88.7794189453125,82.997314453125,94.5615234375
"801",-20.875,-59.4375,78.123779296875,78.123779296875,78.123779296875
"802",-20.625,-60.3125,129.0263671875,129.0263671875,129.0263671875
"803",-20.625,-60.0625,243.594482421875,243.594482421875,243.594482421875
"804",-20.625,-59.9375,221.84716796875,221.84716796875,221.84716796875
"805",-20.625,-59.8125,221.931396484375,186.94140625,252.43603515625
"806",-20.625,-59.6875,150.510498046875,150.510498046875,150.510498046875
"807",-20.625,-59.5625,107.748413085938,89.017822265625,126.47900390625
"808",-20.625,-59.4375,80.5517578125,74.63671875,85.732666015625
"809",-20.625,-59.3125,68.037353515625,64.37744140625,71.697265625
"810",-20.375,-59.4375,111.661376953125,89.18701171875,134.1357421875
"811",-20.375,-59.3125,63.6083984375,63.6083984375,63.6083984375
"812",-20.375,-59.1875,63.146484375,63.146484375,63.146484375
"813",-20.125,-59.4375,129.60498046875,129.60498046875,129.60498046875
"814",-19.875,-59.5625,132.22412109375,132.22412109375,132.22412109375
"815",-19.875,-59.4375,130.302978515625,129.9794921875,130.62646484375
