"","x","y","numb"
"1",-56.625,-60.8125,2
"2",-56.625,-60.6875,1
"3",-56.375,-60.8125,1
"4",-56.125,-60.8125,4
"5",-56.125,-60.4375,1
"6",-55.875,-67.5625,2
"7",-55.875,-67.4375,1
"8",-55.875,-67.1875,7
"9",-55.875,-60.8125,4
"10",-55.625,-67.8125,5
"11",-55.625,-67.6875,7
"12",-55.625,-67.5625,6
"13",-55.625,-67.4375,13
"14",-55.625,-67.3125,18
"15",-55.625,-67.1875,5
"16",-55.625,-67.0625,11
"17",-55.625,-66.9375,2
"18",-55.625,-60.8125,4
"19",-55.375,-68.0625,4
"20",-55.375,-67.9375,4
"21",-55.375,-67.8125,2
"22",-55.375,-67.6875,5
"23",-55.375,-67.5625,8
"24",-55.375,-67.4375,2
"25",-55.375,-67.1875,4
"26",-55.375,-67.0625,1
"27",-55.375,-60.8125,2
"28",-55.125,-68.4375,2
"29",-55.125,-68.3125,5
"30",-55.125,-68.1875,6
"31",-55.125,-68.0625,9
"32",-55.125,-67.9375,7
"33",-55.125,-67.8125,6
"34",-55.125,-67.6875,7
"35",-55.125,-67.5625,4
"36",-55.125,-67.4375,9
"37",-55.125,-67.3125,7
"38",-55.125,-67.1875,7
"39",-55.125,-67.0625,2
"40",-55.125,-66.5625,3
"41",-55.125,-66.4375,3
"42",-55.125,-66.3125,3
"43",-55.125,-60.8125,2
"44",-54.875,-69.3125,2
"45",-54.875,-69.1875,3
"46",-54.875,-69.0625,4
"47",-54.875,-68.9375,5
"48",-54.875,-68.8125,4
"49",-54.875,-68.6875,6
"50",-54.875,-68.5625,11
"51",-54.875,-68.4375,21
"52",-54.875,-68.3125,12
"53",-54.875,-68.1875,33
"54",-54.875,-68.0625,31
"55",-54.875,-67.9375,26
"56",-54.875,-67.8125,32
"57",-54.875,-67.6875,43
"58",-54.875,-67.5625,36
"59",-54.875,-67.4375,20
"60",-54.875,-67.3125,22
"61",-54.875,-67.1875,18
"62",-54.875,-67.0625,9
"63",-54.875,-66.9375,5
"64",-54.875,-66.8125,4
"65",-54.875,-66.6875,5
"66",-54.875,-66.5625,1
"67",-54.875,-66.4375,2
"68",-54.875,-66.3125,3
"69",-54.875,-66.1875,1
"70",-54.875,-60.8125,3
"71",-54.625,-69.8125,1
"72",-54.625,-69.5625,2
"73",-54.625,-69.4375,2
"74",-54.625,-69.3125,8
"75",-54.625,-69.1875,17
"76",-54.625,-69.0625,27
"77",-54.625,-68.9375,21
"78",-54.625,-68.8125,22
"79",-54.625,-68.6875,51
"80",-54.625,-68.5625,65
"81",-54.625,-68.4375,64
"82",-54.625,-68.3125,81
"83",-54.625,-68.1875,104
"84",-54.625,-68.0625,119
"85",-54.625,-67.9375,105
"86",-54.625,-67.8125,87
"87",-54.625,-67.6875,94
"88",-54.625,-67.5625,135
"89",-54.625,-67.4375,110
"90",-54.625,-67.3125,86
"91",-54.625,-67.1875,63
"92",-54.625,-67.0625,43
"93",-54.625,-66.9375,15
"94",-54.625,-66.8125,15
"95",-54.625,-66.6875,22
"96",-54.625,-66.5625,20
"97",-54.625,-66.4375,25
"98",-54.625,-66.3125,12
"99",-54.625,-66.1875,2
"100",-54.625,-62.0625,1
"101",-54.625,-61.9375,1
"102",-54.625,-60.8125,11
"103",-54.375,-69.8125,7
"104",-54.375,-69.6875,6
"105",-54.375,-69.5625,6
"106",-54.375,-69.4375,20
"107",-54.375,-69.3125,26
"108",-54.375,-69.1875,59
"109",-54.375,-69.0625,108
"110",-54.375,-68.9375,132
"111",-54.375,-68.8125,110
"112",-54.375,-68.6875,111
"113",-54.375,-68.5625,125
"114",-54.375,-68.4375,121
"115",-54.375,-68.3125,148
"116",-54.375,-68.1875,153
"117",-54.375,-68.0625,172
"118",-54.375,-67.9375,190
"119",-54.375,-67.8125,160
"120",-54.375,-67.6875,173
"121",-54.375,-67.5625,179
"122",-54.375,-67.4375,123
"123",-54.375,-67.3125,106
"124",-54.375,-67.1875,99
"125",-54.375,-67.0625,89
"126",-54.375,-66.9375,57
"127",-54.375,-66.8125,47
"128",-54.375,-66.6875,41
"129",-54.375,-66.5625,24
"130",-54.375,-66.4375,14
"131",-54.375,-66.3125,12
"132",-54.375,-66.1875,7
"133",-54.375,-62.0625,3
"134",-54.375,-61.9375,3
"135",-54.375,-61.8125,2
"136",-54.375,-60.9375,3
"137",-54.375,-60.8125,8
"138",-54.375,-60.6875,1
"139",-54.125,-70.0625,2
"140",-54.125,-69.9375,18
"141",-54.125,-69.8125,66
"142",-54.125,-69.6875,45
"143",-54.125,-69.5625,57
"144",-54.125,-69.4375,66
"145",-54.125,-69.3125,88
"146",-54.125,-69.1875,159
"147",-54.125,-69.0625,211
"148",-54.125,-68.9375,189
"149",-54.125,-68.8125,228
"150",-54.125,-68.6875,210
"151",-54.125,-68.5625,191
"152",-54.125,-68.4375,217
"153",-54.125,-68.3125,243
"154",-54.125,-68.1875,248
"155",-54.125,-68.0625,254
"156",-54.125,-67.9375,257
"157",-54.125,-67.8125,238
"158",-54.125,-67.6875,228
"159",-54.125,-67.5625,219
"160",-54.125,-67.4375,214
"161",-54.125,-67.3125,228
"162",-54.125,-67.1875,201
"163",-54.125,-67.0625,157
"164",-54.125,-66.9375,115
"165",-54.125,-66.8125,66
"166",-54.125,-66.6875,51
"167",-54.125,-66.5625,30
"168",-54.125,-66.4375,24
"169",-54.125,-66.3125,16
"170",-54.125,-66.1875,12
"171",-54.125,-66.0625,6
"172",-54.125,-65.9375,2
"173",-54.125,-65.8125,1
"174",-54.125,-62.0625,1
"175",-54.125,-61.9375,11
"176",-54.125,-61.8125,2
"177",-54.125,-61.6875,2
"178",-54.125,-61.5625,8
"179",-54.125,-61.4375,29
"180",-54.125,-61.3125,7
"181",-54.125,-61.1875,9
"182",-54.125,-61.0625,4
"183",-54.125,-60.9375,17
"184",-54.125,-60.8125,11
"185",-54.125,-60.6875,4
"186",-53.875,-70.1875,5
"187",-53.875,-70.0625,18
"188",-53.875,-69.9375,74
"189",-53.875,-69.8125,157
"190",-53.875,-69.6875,116
"191",-53.875,-69.5625,110
"192",-53.875,-69.4375,181
"193",-53.875,-69.3125,210
"194",-53.875,-69.1875,243
"195",-53.875,-69.0625,217
"196",-53.875,-68.9375,236
"197",-53.875,-68.8125,235
"198",-53.875,-68.6875,242
"199",-53.875,-68.5625,252
"200",-53.875,-68.4375,247
"201",-53.875,-68.3125,237
"202",-53.875,-68.1875,246
"203",-53.875,-68.0625,249
"204",-53.875,-67.9375,270
"205",-53.875,-67.8125,311
"206",-53.875,-67.6875,284
"207",-53.875,-67.5625,299
"208",-53.875,-67.4375,314
"209",-53.875,-67.3125,281
"210",-53.875,-67.1875,257
"211",-53.875,-67.0625,227
"212",-53.875,-66.9375,195
"213",-53.875,-66.8125,181
"214",-53.875,-66.6875,104
"215",-53.875,-66.5625,66
"216",-53.875,-66.4375,36
"217",-53.875,-66.3125,9
"218",-53.875,-66.1875,12
"219",-53.875,-66.0625,2
"220",-53.875,-65.8125,1
"221",-53.875,-65.6875,3
"222",-53.875,-65.5625,1
"223",-53.875,-62.1875,2
"224",-53.875,-62.0625,3
"225",-53.875,-61.9375,5
"226",-53.875,-61.8125,8
"227",-53.875,-61.6875,5
"228",-53.875,-61.5625,10
"229",-53.875,-61.4375,8
"230",-53.875,-61.3125,7
"231",-53.875,-61.1875,9
"232",-53.875,-61.0625,16
"233",-53.875,-60.9375,15
"234",-53.875,-60.8125,11
"235",-53.875,-60.6875,4
"236",-53.875,-59.9375,2
"237",-53.625,-70.3125,3
"238",-53.625,-70.1875,11
"239",-53.625,-70.0625,85
"240",-53.625,-69.9375,176
"241",-53.625,-69.8125,100
"242",-53.625,-69.6875,221
"243",-53.625,-69.5625,249
"244",-53.625,-69.4375,237
"245",-53.625,-69.3125,263
"246",-53.625,-69.1875,293
"247",-53.625,-69.0625,338
"248",-53.625,-68.9375,346
"249",-53.625,-68.8125,311
"250",-53.625,-68.6875,260
"251",-53.625,-68.5625,224
"252",-53.625,-68.4375,231
"253",-53.625,-68.3125,262
"254",-53.625,-68.1875,280
"255",-53.625,-68.0625,347
"256",-53.625,-67.9375,355
"257",-53.625,-67.8125,430
"258",-53.625,-67.6875,434
"259",-53.625,-67.5625,438
"260",-53.625,-67.4375,386
"261",-53.625,-67.3125,398
"262",-53.625,-67.1875,379
"263",-53.625,-67.0625,367
"264",-53.625,-66.9375,309
"265",-53.625,-66.8125,281
"266",-53.625,-66.6875,262
"267",-53.625,-66.5625,200
"268",-53.625,-66.4375,91
"269",-53.625,-66.3125,23
"270",-53.625,-66.1875,3
"271",-53.625,-62.5625,1
"272",-53.625,-62.4375,1
"273",-53.625,-62.3125,3
"274",-53.625,-62.1875,5
"275",-53.625,-62.0625,2
"276",-53.625,-61.9375,7
"277",-53.625,-61.8125,13
"278",-53.625,-61.6875,9
"279",-53.625,-61.5625,6
"280",-53.625,-61.4375,17
"281",-53.625,-61.3125,44
"282",-53.625,-61.1875,74
"283",-53.625,-61.0625,52
"284",-53.625,-60.9375,50
"285",-53.625,-60.8125,14
"286",-53.625,-60.6875,8
"287",-53.625,-60.5625,4
"288",-53.625,-60.4375,1
"289",-53.625,-60.3125,2
"290",-53.625,-60.1875,2
"291",-53.625,-60.0625,2
"292",-53.625,-59.9375,2
"293",-53.625,-59.8125,2
"294",-53.375,-70.3125,9
"295",-53.375,-70.1875,84
"296",-53.375,-70.0625,195
"297",-53.375,-69.9375,250
"298",-53.375,-69.8125,278
"299",-53.375,-69.6875,332
"300",-53.375,-69.5625,304
"301",-53.375,-69.4375,305
"302",-53.375,-69.3125,264
"303",-53.375,-69.1875,328
"304",-53.375,-69.0625,360
"305",-53.375,-68.9375,292
"306",-53.375,-68.8125,261
"307",-53.375,-68.6875,276
"308",-53.375,-68.5625,296
"309",-53.375,-68.4375,295
"310",-53.375,-68.3125,318
"311",-53.375,-68.1875,382
"312",-53.375,-68.0625,437
"313",-53.375,-67.9375,498
"314",-53.375,-67.8125,512
"315",-53.375,-67.6875,469
"316",-53.375,-67.5625,405
"317",-53.375,-67.4375,388
"318",-53.375,-67.3125,441
"319",-53.375,-67.1875,458
"320",-53.375,-67.0625,351
"321",-53.375,-66.9375,377
"322",-53.375,-66.8125,334
"323",-53.375,-66.6875,318
"324",-53.375,-66.5625,222
"325",-53.375,-66.4375,173
"326",-53.375,-66.3125,49
"327",-53.375,-66.1875,21
"328",-53.375,-66.0625,2
"329",-53.375,-62.6875,1
"330",-53.375,-62.5625,8
"331",-53.375,-62.4375,12
"332",-53.375,-62.3125,25
"333",-53.375,-62.1875,35
"334",-53.375,-62.0625,27
"335",-53.375,-61.9375,10
"336",-53.375,-61.8125,17
"337",-53.375,-61.6875,13
"338",-53.375,-61.5625,14
"339",-53.375,-61.4375,9
"340",-53.375,-61.3125,38
"341",-53.375,-61.1875,63
"342",-53.375,-61.0625,26
"343",-53.375,-60.9375,32
"344",-53.375,-60.8125,22
"345",-53.375,-60.6875,9
"346",-53.375,-60.5625,11
"347",-53.375,-60.4375,5
"348",-53.375,-60.3125,5
"349",-53.375,-60.1875,6
"350",-53.375,-60.0625,5
"351",-53.375,-59.9375,2
"352",-53.375,-59.6875,1
"353",-53.125,-70.4375,3
"354",-53.125,-70.3125,46
"355",-53.125,-70.1875,168
"356",-53.125,-70.0625,257
"357",-53.125,-69.9375,402
"358",-53.125,-69.8125,464
"359",-53.125,-69.6875,385
"360",-53.125,-69.5625,446
"361",-53.125,-69.4375,391
"362",-53.125,-69.3125,411
"363",-53.125,-69.1875,299
"364",-53.125,-69.0625,329
"365",-53.125,-68.9375,345
"366",-53.125,-68.8125,315
"367",-53.125,-68.6875,297
"368",-53.125,-68.5625,330
"369",-53.125,-68.4375,416
"370",-53.125,-68.3125,441
"371",-53.125,-68.1875,493
"372",-53.125,-68.0625,599
"373",-53.125,-67.9375,546
"374",-53.125,-67.8125,463
"375",-53.125,-67.6875,391
"376",-53.125,-67.5625,418
"377",-53.125,-67.4375,472
"378",-53.125,-67.3125,504
"379",-53.125,-67.1875,519
"380",-53.125,-67.0625,478
"381",-53.125,-66.9375,449
"382",-53.125,-66.8125,366
"383",-53.125,-66.6875,306
"384",-53.125,-66.5625,273
"385",-53.125,-66.4375,211
"386",-53.125,-66.3125,140
"387",-53.125,-66.1875,61
"388",-53.125,-66.0625,7
"389",-53.125,-65.8125,6
"390",-53.125,-62.8125,1
"391",-53.125,-62.6875,31
"392",-53.125,-62.5625,60
"393",-53.125,-62.4375,66
"394",-53.125,-62.3125,95
"395",-53.125,-62.1875,97
"396",-53.125,-62.0625,69
"397",-53.125,-61.9375,29
"398",-53.125,-61.8125,17
"399",-53.125,-61.6875,27
"400",-53.125,-61.5625,23
"401",-53.125,-61.4375,8
"402",-53.125,-61.3125,20
"403",-53.125,-61.1875,65
"404",-53.125,-61.0625,32
"405",-53.125,-60.9375,16
"406",-53.125,-60.8125,34
"407",-53.125,-60.6875,12
"408",-53.125,-60.5625,8
"409",-53.125,-60.4375,17
"410",-53.125,-60.3125,21
"411",-53.125,-60.1875,8
"412",-53.125,-60.0625,4
"413",-53.125,-59.9375,2
"414",-53.125,-59.8125,3
"415",-53.125,-59.5625,1
"416",-52.875,-70.4375,8
"417",-52.875,-70.3125,127
"418",-52.875,-70.1875,214
"419",-52.875,-70.0625,485
"420",-52.875,-69.9375,567
"421",-52.875,-69.8125,518
"422",-52.875,-69.6875,553
"423",-52.875,-69.5625,355
"424",-52.875,-69.4375,382
"425",-52.875,-69.3125,356
"426",-52.875,-69.1875,339
"427",-52.875,-69.0625,398
"428",-52.875,-68.9375,305
"429",-52.875,-68.8125,342
"430",-52.875,-68.6875,411
"431",-52.875,-68.5625,494
"432",-52.875,-68.4375,508
"433",-52.875,-68.3125,614
"434",-52.875,-68.1875,675
"435",-52.875,-68.0625,697
"436",-52.875,-67.9375,474
"437",-52.875,-67.8125,585
"438",-52.875,-67.6875,636
"439",-52.875,-67.5625,638
"440",-52.875,-67.4375,730
"441",-52.875,-67.3125,633
"442",-52.875,-67.1875,686
"443",-52.875,-67.0625,567
"444",-52.875,-66.9375,468
"445",-52.875,-66.8125,471
"446",-52.875,-66.6875,329
"447",-52.875,-66.5625,262
"448",-52.875,-66.4375,275
"449",-52.875,-66.3125,237
"450",-52.875,-66.1875,100
"451",-52.875,-66.0625,36
"452",-52.875,-65.9375,7
"453",-52.875,-65.8125,1
"454",-52.875,-62.8125,16
"455",-52.875,-62.6875,89
"456",-52.875,-62.5625,140
"457",-52.875,-62.4375,125
"458",-52.875,-62.3125,155
"459",-52.875,-62.1875,145
"460",-52.875,-62.0625,103
"461",-52.875,-61.9375,48
"462",-52.875,-61.8125,16
"463",-52.875,-61.6875,26
"464",-52.875,-61.5625,15
"465",-52.875,-61.4375,44
"466",-52.875,-61.3125,31
"467",-52.875,-61.1875,45
"468",-52.875,-61.0625,59
"469",-52.875,-60.9375,15
"470",-52.875,-60.8125,19
"471",-52.875,-60.6875,33
"472",-52.875,-60.5625,21
"473",-52.875,-60.4375,21
"474",-52.875,-60.3125,21
"475",-52.875,-60.1875,4
"476",-52.875,-60.0625,3
"477",-52.875,-59.9375,2
"478",-52.625,-70.4375,24
"479",-52.625,-70.3125,160
"480",-52.625,-70.1875,355
"481",-52.625,-70.0625,554
"482",-52.625,-69.9375,530
"483",-52.625,-69.8125,664
"484",-52.625,-69.6875,567
"485",-52.625,-69.5625,399
"486",-52.625,-69.4375,426
"487",-52.625,-69.3125,349
"488",-52.625,-69.1875,394
"489",-52.625,-69.0625,461
"490",-52.625,-68.9375,573
"491",-52.625,-68.8125,591
"492",-52.625,-68.6875,505
"493",-52.625,-68.5625,588
"494",-52.625,-68.4375,709
"495",-52.625,-68.3125,819
"496",-52.625,-68.1875,827
"497",-52.625,-68.0625,599
"498",-52.625,-67.9375,795
"499",-52.625,-67.8125,800
"500",-52.625,-67.6875,695
"501",-52.625,-67.5625,693
"502",-52.625,-67.4375,801
"503",-52.625,-67.3125,814
"504",-52.625,-67.1875,742
"505",-52.625,-67.0625,723
"506",-52.625,-66.9375,704
"507",-52.625,-66.8125,469
"508",-52.625,-66.6875,416
"509",-52.625,-66.5625,311
"510",-52.625,-66.4375,269
"511",-52.625,-66.3125,244
"512",-52.625,-66.1875,173
"513",-52.625,-66.0625,58
"514",-52.625,-65.9375,15
"515",-52.625,-65.5625,6
"516",-52.625,-65.4375,7
"517",-52.625,-65.3125,9
"518",-52.625,-65.1875,7
"519",-52.625,-65.0625,12
"520",-52.625,-64.9375,25
"521",-52.625,-64.8125,16
"522",-52.625,-64.6875,14
"523",-52.625,-64.5625,4
"524",-52.625,-62.8125,34
"525",-52.625,-62.6875,173
"526",-52.625,-62.5625,203
"527",-52.625,-62.4375,183
"528",-52.625,-62.3125,176
"529",-52.625,-62.1875,142
"530",-52.625,-62.0625,136
"531",-52.625,-61.9375,76
"532",-52.625,-61.8125,25
"533",-52.625,-61.6875,11
"534",-52.625,-61.5625,21
"535",-52.625,-61.4375,23
"536",-52.625,-61.3125,16
"537",-52.625,-61.1875,43
"538",-52.625,-61.0625,64
"539",-52.625,-60.9375,40
"540",-52.625,-60.8125,25
"541",-52.625,-60.6875,27
"542",-52.625,-60.5625,34
"543",-52.625,-60.4375,32
"544",-52.625,-60.3125,46
"545",-52.625,-60.1875,10
"546",-52.625,-59.9375,2
"547",-52.625,-59.8125,1
"548",-52.625,-59.6875,1
"549",-52.375,-70.4375,27
"550",-52.375,-70.3125,121
"551",-52.375,-70.1875,338
"552",-52.375,-70.0625,614
"553",-52.375,-69.9375,655
"554",-52.375,-69.8125,737
"555",-52.375,-69.6875,577
"556",-52.375,-69.5625,439
"557",-52.375,-69.4375,416
"558",-52.375,-69.3125,634
"559",-52.375,-69.1875,695
"560",-52.375,-69.0625,690
"561",-52.375,-68.9375,730
"562",-52.375,-68.8125,598
"563",-52.375,-68.6875,504
"564",-52.375,-68.5625,598
"565",-52.375,-68.4375,747
"566",-52.375,-68.3125,890
"567",-52.375,-68.1875,961
"568",-52.375,-68.0625,993
"569",-52.375,-67.9375,962
"570",-52.375,-67.8125,739
"571",-52.375,-67.6875,805
"572",-52.375,-67.5625,825
"573",-52.375,-67.4375,769
"574",-52.375,-67.3125,866
"575",-52.375,-67.1875,963
"576",-52.375,-67.0625,1096
"577",-52.375,-66.9375,901
"578",-52.375,-66.8125,804
"579",-52.375,-66.6875,595
"580",-52.375,-66.5625,485
"581",-52.375,-66.4375,356
"582",-52.375,-66.3125,273
"583",-52.375,-66.1875,260
"584",-52.375,-66.0625,134
"585",-52.375,-65.9375,61
"586",-52.375,-65.8125,26
"587",-52.375,-65.6875,24
"588",-52.375,-65.5625,12
"589",-52.375,-65.4375,23
"590",-52.375,-65.3125,24
"591",-52.375,-65.1875,37
"592",-52.375,-65.0625,62
"593",-52.375,-64.9375,91
"594",-52.375,-64.8125,112
"595",-52.375,-64.6875,55
"596",-52.375,-64.5625,13
"597",-52.375,-64.4375,8
"598",-52.375,-64.3125,4
"599",-52.375,-62.8125,75
"600",-52.375,-62.6875,195
"601",-52.375,-62.5625,229
"602",-52.375,-62.4375,216
"603",-52.375,-62.3125,241
"604",-52.375,-62.1875,222
"605",-52.375,-62.0625,191
"606",-52.375,-61.9375,133
"607",-52.375,-61.8125,49
"608",-52.375,-61.6875,23
"609",-52.375,-61.5625,22
"610",-52.375,-61.4375,25
"611",-52.375,-61.3125,23
"612",-52.375,-61.1875,39
"613",-52.375,-61.0625,52
"614",-52.375,-60.9375,39
"615",-52.375,-60.8125,15
"616",-52.375,-60.6875,25
"617",-52.375,-60.5625,36
"618",-52.375,-60.4375,28
"619",-52.375,-60.3125,21
"620",-52.375,-60.1875,9
"621",-52.375,-60.0625,2
"622",-52.125,-70.4375,44
"623",-52.125,-70.3125,86
"624",-52.125,-70.1875,408
"625",-52.125,-70.0625,524
"626",-52.125,-69.9375,661
"627",-52.125,-69.8125,695
"628",-52.125,-69.6875,594
"629",-52.125,-69.5625,384
"630",-52.125,-69.4375,718
"631",-52.125,-69.3125,846
"632",-52.125,-69.1875,795
"633",-52.125,-69.0625,1067
"634",-52.125,-68.9375,980
"635",-52.125,-68.8125,673
"636",-52.125,-68.6875,446
"637",-52.125,-68.5625,642
"638",-52.125,-68.4375,814
"639",-52.125,-68.3125,1009
"640",-52.125,-68.1875,879
"641",-52.125,-68.0625,953
"642",-52.125,-67.9375,676
"643",-52.125,-67.8125,761
"644",-52.125,-67.6875,678
"645",-52.125,-67.5625,868
"646",-52.125,-67.4375,928
"647",-52.125,-67.3125,1080
"648",-52.125,-67.1875,935
"649",-52.125,-67.0625,945
"650",-52.125,-66.9375,1002
"651",-52.125,-66.8125,1086
"652",-52.125,-66.6875,890
"653",-52.125,-66.5625,863
"654",-52.125,-66.4375,648
"655",-52.125,-66.3125,458
"656",-52.125,-66.1875,293
"657",-52.125,-66.0625,299
"658",-52.125,-65.9375,166
"659",-52.125,-65.8125,52
"660",-52.125,-65.6875,38
"661",-52.125,-65.5625,55
"662",-52.125,-65.4375,80
"663",-52.125,-65.3125,126
"664",-52.125,-65.1875,205
"665",-52.125,-65.0625,234
"666",-52.125,-64.9375,236
"667",-52.125,-64.8125,241
"668",-52.125,-64.6875,226
"669",-52.125,-64.5625,134
"670",-52.125,-64.4375,67
"671",-52.125,-64.3125,17
"672",-52.125,-64.1875,3
"673",-52.125,-64.0625,4
"674",-52.125,-62.9375,7
"675",-52.125,-62.8125,135
"676",-52.125,-62.6875,291
"677",-52.125,-62.5625,342
"678",-52.125,-62.4375,321
"679",-52.125,-62.3125,299
"680",-52.125,-62.1875,260
"681",-52.125,-62.0625,261
"682",-52.125,-61.9375,189
"683",-52.125,-61.8125,106
"684",-52.125,-61.6875,34
"685",-52.125,-61.5625,32
"686",-52.125,-61.4375,23
"687",-52.125,-61.3125,35
"688",-52.125,-61.1875,44
"689",-52.125,-61.0625,54
"690",-52.125,-60.9375,51
"691",-52.125,-60.8125,17
"692",-52.125,-60.6875,23
"693",-52.125,-60.5625,35
"694",-52.125,-60.4375,19
"695",-52.125,-60.3125,13
"696",-52.125,-60.1875,3
"697",-52.125,-60.0625,2
"698",-52.125,-59.9375,2
"699",-51.875,-70.4375,19
"700",-51.875,-70.3125,88
"701",-51.875,-70.1875,395
"702",-51.875,-70.0625,626
"703",-51.875,-69.9375,552
"704",-51.875,-69.8125,949
"705",-51.875,-69.6875,856
"706",-51.875,-69.5625,544
"707",-51.875,-69.4375,946
"708",-51.875,-69.3125,834
"709",-51.875,-69.1875,925
"710",-51.875,-69.0625,1039
"711",-51.875,-68.9375,669
"712",-51.875,-68.8125,387
"713",-51.875,-68.6875,436
"714",-51.875,-68.5625,915
"715",-51.875,-68.4375,1131
"716",-51.875,-68.3125,752
"717",-51.875,-68.1875,727
"718",-51.875,-68.0625,751
"719",-51.875,-67.9375,779
"720",-51.875,-67.8125,644
"721",-51.875,-67.6875,940
"722",-51.875,-67.5625,571
"723",-51.875,-67.4375,709
"724",-51.875,-67.3125,1412
"725",-51.875,-67.1875,1077
"726",-51.875,-67.0625,1015
"727",-51.875,-66.9375,942
"728",-51.875,-66.8125,970
"729",-51.875,-66.6875,975
"730",-51.875,-66.5625,984
"731",-51.875,-66.4375,989
"732",-51.875,-66.3125,841
"733",-51.875,-66.1875,528
"734",-51.875,-66.0625,420
"735",-51.875,-65.9375,385
"736",-51.875,-65.8125,335
"737",-51.875,-65.6875,214
"738",-51.875,-65.5625,178
"739",-51.875,-65.4375,280
"740",-51.875,-65.3125,402
"741",-51.875,-65.1875,504
"742",-51.875,-65.0625,484
"743",-51.875,-64.9375,541
"744",-51.875,-64.8125,581
"745",-51.875,-64.6875,454
"746",-51.875,-64.5625,318
"747",-51.875,-64.4375,254
"748",-51.875,-64.3125,155
"749",-51.875,-64.1875,31
"750",-51.875,-64.0625,3
"751",-51.875,-63.9375,3
"752",-51.875,-63.0625,2
"753",-51.875,-62.9375,91
"754",-51.875,-62.8125,283
"755",-51.875,-62.6875,336
"756",-51.875,-62.5625,276
"757",-51.875,-62.4375,285
"758",-51.875,-62.3125,253
"759",-51.875,-62.1875,238
"760",-51.875,-62.0625,216
"761",-51.875,-61.9375,249
"762",-51.875,-61.8125,182
"763",-51.875,-61.6875,92
"764",-51.875,-61.5625,46
"765",-51.875,-61.4375,27
"766",-51.875,-61.3125,53
"767",-51.875,-61.1875,21
"768",-51.875,-61.0625,52
"769",-51.875,-60.9375,57
"770",-51.875,-60.8125,16
"771",-51.875,-60.6875,9
"772",-51.875,-60.5625,17
"773",-51.875,-60.4375,15
"774",-51.875,-60.3125,13
"775",-51.875,-60.1875,8
"776",-51.875,-60.0625,1
"777",-51.875,-59.9375,3
"778",-51.625,-70.4375,8
"779",-51.625,-70.3125,119
"780",-51.625,-70.1875,318
"781",-51.625,-70.0625,640
"782",-51.625,-69.9375,742
"783",-51.625,-69.8125,1286
"784",-51.625,-69.6875,937
"785",-51.625,-69.5625,782
"786",-51.625,-69.4375,836
"787",-51.625,-69.3125,943
"788",-51.625,-69.1875,786
"789",-51.625,-69.0625,984
"790",-51.625,-68.9375,382
"791",-51.625,-68.8125,362
"792",-51.625,-68.6875,790
"793",-51.625,-68.5625,1011
"794",-51.625,-68.4375,649
"795",-51.625,-68.3125,640
"796",-51.625,-68.1875,657
"797",-51.625,-68.0625,742
"798",-51.625,-67.9375,563
"799",-51.625,-67.8125,834
"800",-51.625,-67.6875,824
"801",-51.625,-67.5625,397
"802",-51.625,-67.4375,1125
"803",-51.625,-67.3125,1166
"804",-51.625,-67.1875,610
"805",-51.625,-67.0625,1381
"806",-51.625,-66.9375,1338
"807",-51.625,-66.8125,1129
"808",-51.625,-66.6875,1125
"809",-51.625,-66.5625,1075
"810",-51.625,-66.4375,1125
"811",-51.625,-66.3125,1050
"812",-51.625,-66.1875,1015
"813",-51.625,-66.0625,912
"814",-51.625,-65.9375,798
"815",-51.625,-65.8125,739
"816",-51.625,-65.6875,656
"817",-51.625,-65.5625,571
"818",-51.625,-65.4375,730
"819",-51.625,-65.3125,939
"820",-51.625,-65.1875,1078
"821",-51.625,-65.0625,1033
"822",-51.625,-64.9375,961
"823",-51.625,-64.8125,904
"824",-51.625,-64.6875,878
"825",-51.625,-64.5625,644
"826",-51.625,-64.4375,449
"827",-51.625,-64.3125,295
"828",-51.625,-64.1875,119
"829",-51.625,-64.0625,20
"830",-51.625,-63.9375,5
"831",-51.625,-63.8125,4
"832",-51.625,-63.6875,2
"833",-51.625,-63.5625,2
"834",-51.625,-63.0625,27
"835",-51.625,-62.9375,189
"836",-51.625,-62.8125,343
"837",-51.625,-62.6875,334
"838",-51.625,-62.5625,310
"839",-51.625,-62.4375,240
"840",-51.625,-62.3125,182
"841",-51.625,-62.1875,199
"842",-51.625,-62.0625,189
"843",-51.625,-61.9375,178
"844",-51.625,-61.8125,211
"845",-51.625,-61.6875,167
"846",-51.625,-61.5625,82
"847",-51.625,-61.4375,45
"848",-51.625,-61.3125,50
"849",-51.625,-61.1875,58
"850",-51.625,-61.0625,72
"851",-51.625,-60.9375,36
"852",-51.625,-60.8125,4
"853",-51.625,-60.6875,12
"854",-51.625,-60.5625,6
"855",-51.625,-60.4375,26
"856",-51.625,-60.3125,14
"857",-51.625,-60.1875,6
"858",-51.625,-60.0625,5
"859",-51.625,-59.9375,3
"860",-51.625,-59.8125,1
"861",-51.375,-70.4375,6
"862",-51.375,-70.3125,25
"863",-51.375,-70.1875,312
"864",-51.375,-70.0625,566
"865",-51.375,-69.9375,765
"866",-51.375,-69.8125,1093
"867",-51.375,-69.6875,967
"868",-51.375,-69.5625,797
"869",-51.375,-69.4375,1132
"870",-51.375,-69.3125,991
"871",-51.375,-69.1875,808
"872",-51.375,-69.0625,970
"873",-51.375,-68.9375,325
"874",-51.375,-68.8125,543
"875",-51.375,-68.6875,840
"876",-51.375,-68.5625,965
"877",-51.375,-68.4375,448
"878",-51.375,-68.3125,621
"879",-51.375,-68.1875,596
"880",-51.375,-68.0625,752
"881",-51.375,-67.9375,667
"882",-51.375,-67.8125,588
"883",-51.375,-67.6875,822
"884",-51.375,-67.5625,385
"885",-51.375,-67.4375,640
"886",-51.375,-67.3125,576
"887",-51.375,-67.1875,452
"888",-51.375,-67.0625,942
"889",-51.375,-66.9375,1477
"890",-51.375,-66.8125,1435
"891",-51.375,-66.6875,1496
"892",-51.375,-66.5625,1344
"893",-51.375,-66.4375,1180
"894",-51.375,-66.3125,1242
"895",-51.375,-66.1875,1266
"896",-51.375,-66.0625,1245
"897",-51.375,-65.9375,1267
"898",-51.375,-65.8125,1178
"899",-51.375,-65.6875,1228
"900",-51.375,-65.5625,1231
"901",-51.375,-65.4375,1313
"902",-51.375,-65.3125,1441
"903",-51.375,-65.1875,1397
"904",-51.375,-65.0625,1305
"905",-51.375,-64.9375,1200
"906",-51.375,-64.8125,1216
"907",-51.375,-64.6875,1116
"908",-51.375,-64.5625,935
"909",-51.375,-64.4375,765
"910",-51.375,-64.3125,594
"911",-51.375,-64.1875,287
"912",-51.375,-64.0625,64
"913",-51.375,-63.9375,24
"914",-51.375,-63.8125,10
"915",-51.375,-63.6875,6
"916",-51.375,-63.5625,5
"917",-51.375,-63.4375,3
"918",-51.375,-63.3125,6
"919",-51.375,-63.0625,70
"920",-51.375,-62.9375,291
"921",-51.375,-62.8125,366
"922",-51.375,-62.6875,364
"923",-51.375,-62.5625,271
"924",-51.375,-62.4375,181
"925",-51.375,-62.3125,201
"926",-51.375,-62.1875,170
"927",-51.375,-62.0625,195
"928",-51.375,-61.9375,173
"929",-51.375,-61.8125,193
"930",-51.375,-61.6875,184
"931",-51.375,-61.5625,141
"932",-51.375,-61.4375,60
"933",-51.375,-61.3125,79
"934",-51.375,-61.1875,51
"935",-51.375,-61.0625,93
"936",-51.375,-60.9375,35
"937",-51.375,-60.8125,5
"938",-51.375,-60.6875,3
"939",-51.375,-60.5625,1
"940",-51.375,-60.4375,7
"941",-51.375,-60.3125,24
"942",-51.375,-60.1875,17
"943",-51.375,-60.0625,5
"944",-51.375,-59.9375,1
"945",-51.375,-59.6875,3
"946",-51.125,-70.1875,84
"947",-51.125,-70.0625,536
"948",-51.125,-69.9375,573
"949",-51.125,-69.8125,990
"950",-51.125,-69.6875,286
"951",-51.125,-69.5625,701
"952",-51.125,-69.4375,1705
"953",-51.125,-69.3125,810
"954",-51.125,-69.1875,699
"955",-51.125,-69.0625,1082
"956",-51.125,-68.9375,295
"957",-51.125,-68.8125,434
"958",-51.125,-68.6875,995
"959",-51.125,-68.5625,513
"960",-51.125,-68.4375,554
"961",-51.125,-68.3125,471
"962",-51.125,-68.1875,513
"963",-51.125,-68.0625,1010
"964",-51.125,-67.9375,429
"965",-51.125,-67.8125,712
"966",-51.125,-67.6875,1027
"967",-51.125,-67.5625,330
"968",-51.125,-67.4375,810
"969",-51.125,-67.3125,290
"970",-51.125,-67.1875,127
"971",-51.125,-67.0625,1266
"972",-51.125,-66.9375,1321
"973",-51.125,-66.8125,1418
"974",-51.125,-66.6875,1881
"975",-51.125,-66.5625,1740
"976",-51.125,-66.4375,1626
"977",-51.125,-66.3125,1597
"978",-51.125,-66.1875,1500
"979",-51.125,-66.0625,1400
"980",-51.125,-65.9375,1305
"981",-51.125,-65.8125,1448
"982",-51.125,-65.6875,1372
"983",-51.125,-65.5625,1410
"984",-51.125,-65.4375,1451
"985",-51.125,-65.3125,1448
"986",-51.125,-65.1875,1479
"987",-51.125,-65.0625,1515
"988",-51.125,-64.9375,1442
"989",-51.125,-64.8125,1388
"990",-51.125,-64.6875,1353
"991",-51.125,-64.5625,1323
"992",-51.125,-64.4375,1165
"993",-51.125,-64.3125,925
"994",-51.125,-64.1875,541
"995",-51.125,-64.0625,79
"996",-51.125,-63.9375,26
"997",-51.125,-63.8125,15
"998",-51.125,-63.6875,17
"999",-51.125,-63.5625,24
"1000",-51.125,-63.4375,3
"1001",-51.125,-63.3125,4
"1002",-51.125,-63.1875,3
"1003",-51.125,-63.0625,123
"1004",-51.125,-62.9375,354
"1005",-51.125,-62.8125,416
"1006",-51.125,-62.6875,254
"1007",-51.125,-62.5625,217
"1008",-51.125,-62.4375,229
"1009",-51.125,-62.3125,194
"1010",-51.125,-62.1875,190
"1011",-51.125,-62.0625,196
"1012",-51.125,-61.9375,202
"1013",-51.125,-61.8125,189
"1014",-51.125,-61.6875,161
"1015",-51.125,-61.5625,175
"1016",-51.125,-61.4375,144
"1017",-51.125,-61.3125,63
"1018",-51.125,-61.1875,73
"1019",-51.125,-61.0625,111
"1020",-51.125,-60.9375,28
"1021",-51.125,-60.8125,6
"1022",-51.125,-60.5625,2
"1023",-51.125,-60.4375,1
"1024",-51.125,-60.3125,19
"1025",-51.125,-60.1875,9
"1026",-51.125,-60.0625,9
"1027",-51.125,-59.9375,2
"1028",-51.125,-59.6875,1
"1029",-50.875,-70.1875,10
"1030",-50.875,-70.0625,49
"1031",-50.875,-69.9375,221
"1032",-50.875,-69.8125,521
"1033",-50.875,-69.6875,79
"1034",-50.875,-69.5625,198
"1035",-50.875,-69.4375,869
"1036",-50.875,-69.3125,470
"1037",-50.875,-69.1875,454
"1038",-50.875,-69.0625,453
"1039",-50.875,-68.9375,138
"1040",-50.875,-68.8125,179
"1041",-50.875,-68.6875,568
"1042",-50.875,-68.5625,115
"1043",-50.875,-68.4375,146
"1044",-50.875,-68.3125,475
"1045",-50.875,-68.1875,332
"1046",-50.875,-68.0625,483
"1047",-50.875,-67.9375,216
"1048",-50.875,-67.8125,340
"1049",-50.875,-67.6875,476
"1050",-50.875,-67.5625,127
"1051",-50.875,-67.4375,66
"1052",-50.875,-67.3125,8
"1053",-50.875,-67.1875,6
"1054",-50.875,-67.0625,231
"1055",-50.875,-66.9375,284
"1056",-50.875,-66.8125,543
"1057",-50.875,-66.6875,1123
"1058",-50.875,-66.5625,1333
"1059",-50.875,-66.4375,1326
"1060",-50.875,-66.3125,1476
"1061",-50.875,-66.1875,1504
"1062",-50.875,-66.0625,1664
"1063",-50.875,-65.9375,1612
"1064",-50.875,-65.8125,1490
"1065",-50.875,-65.6875,1598
"1066",-50.875,-65.5625,1569
"1067",-50.875,-65.4375,1432
"1068",-50.875,-65.3125,1332
"1069",-50.875,-65.1875,1130
"1070",-50.875,-65.0625,1148
"1071",-50.875,-64.9375,1057
"1072",-50.875,-64.8125,1132
"1073",-50.875,-64.6875,1203
"1074",-50.875,-64.5625,1158
"1075",-50.875,-64.4375,1351
"1076",-50.875,-64.3125,1181
"1077",-50.875,-64.1875,744
"1078",-50.875,-64.0625,223
"1079",-50.875,-63.9375,63
"1080",-50.875,-63.8125,47
"1081",-50.875,-63.6875,65
"1082",-50.875,-63.5625,53
"1083",-50.875,-63.4375,10
"1084",-50.875,-63.1875,7
"1085",-50.875,-63.0625,118
"1086",-50.875,-62.9375,398
"1087",-50.875,-62.8125,397
"1088",-50.875,-62.6875,276
"1089",-50.875,-62.5625,162
"1090",-50.875,-62.4375,173
"1091",-50.875,-62.3125,157
"1092",-50.875,-62.1875,123
"1093",-50.875,-62.0625,128
"1094",-50.875,-61.9375,128
"1095",-50.875,-61.8125,152
"1096",-50.875,-61.6875,167
"1097",-50.875,-61.5625,159
"1098",-50.875,-61.4375,157
"1099",-50.875,-61.3125,124
"1100",-50.875,-61.1875,111
"1101",-50.875,-61.0625,107
"1102",-50.875,-60.9375,85
"1103",-50.875,-60.8125,22
"1104",-50.875,-60.6875,9
"1105",-50.875,-60.5625,4
"1106",-50.875,-60.4375,2
"1107",-50.875,-60.3125,9
"1108",-50.875,-60.1875,7
"1109",-50.875,-60.0625,5
"1110",-50.875,-59.9375,2
"1111",-50.875,-59.8125,2
"1112",-50.875,-59.5625,1
"1113",-50.625,-70.0625,36
"1114",-50.625,-69.9375,158
"1115",-50.625,-69.8125,826
"1116",-50.625,-69.6875,299
"1117",-50.625,-69.5625,125
"1118",-50.625,-69.4375,718
"1119",-50.625,-69.3125,346
"1120",-50.625,-69.1875,341
"1121",-50.625,-69.0625,724
"1122",-50.625,-68.9375,28
"1123",-50.625,-68.8125,251
"1124",-50.625,-68.6875,339
"1125",-50.625,-68.5625,7
"1126",-50.625,-68.4375,489
"1127",-50.625,-68.3125,202
"1128",-50.625,-68.1875,337
"1129",-50.625,-68.0625,589
"1130",-50.625,-67.9375,9
"1131",-50.625,-67.8125,399
"1132",-50.625,-67.6875,340
"1133",-50.625,-67.5625,4
"1134",-50.625,-67.0625,20
"1135",-50.625,-66.9375,11
"1136",-50.625,-66.8125,431
"1137",-50.625,-66.6875,1247
"1138",-50.625,-66.5625,872
"1139",-50.625,-66.4375,1434
"1140",-50.625,-66.3125,1578
"1141",-50.625,-66.1875,1237
"1142",-50.625,-66.0625,1141
"1143",-50.625,-65.9375,1295
"1144",-50.625,-65.8125,1357
"1145",-50.625,-65.6875,1265
"1146",-50.625,-65.5625,1125
"1147",-50.625,-65.4375,927
"1148",-50.625,-65.3125,907
"1149",-50.625,-65.1875,782
"1150",-50.625,-65.0625,726
"1151",-50.625,-64.9375,696
"1152",-50.625,-64.8125,614
"1153",-50.625,-64.6875,640
"1154",-50.625,-64.5625,835
"1155",-50.625,-64.4375,978
"1156",-50.625,-64.3125,1266
"1157",-50.625,-64.1875,977
"1158",-50.625,-64.0625,506
"1159",-50.625,-63.9375,182
"1160",-50.625,-63.8125,120
"1161",-50.625,-63.6875,112
"1162",-50.625,-63.5625,88
"1163",-50.625,-63.4375,11
"1164",-50.625,-63.1875,11
"1165",-50.625,-63.0625,135
"1166",-50.625,-62.9375,454
"1167",-50.625,-62.8125,378
"1168",-50.625,-62.6875,288
"1169",-50.625,-62.5625,191
"1170",-50.625,-62.4375,175
"1171",-50.625,-62.3125,121
"1172",-50.625,-62.1875,107
"1173",-50.625,-62.0625,114
"1174",-50.625,-61.9375,121
"1175",-50.625,-61.8125,111
"1176",-50.625,-61.6875,142
"1177",-50.625,-61.5625,149
"1178",-50.625,-61.4375,156
"1179",-50.625,-61.3125,140
"1180",-50.625,-61.1875,127
"1181",-50.625,-61.0625,102
"1182",-50.625,-60.9375,97
"1183",-50.625,-60.8125,77
"1184",-50.625,-60.6875,20
"1185",-50.625,-60.5625,12
"1186",-50.625,-60.4375,9
"1187",-50.625,-60.3125,15
"1188",-50.625,-60.1875,2
"1189",-50.625,-60.0625,3
"1190",-50.625,-59.9375,3
"1191",-50.625,-59.8125,1
"1192",-50.625,-59.6875,2
"1193",-50.625,-59.5625,1
"1194",-50.375,-70.0625,11
"1195",-50.375,-69.9375,109
"1196",-50.375,-69.8125,171
"1197",-50.375,-69.6875,147
"1198",-50.375,-69.5625,5
"1199",-50.375,-69.4375,63
"1200",-50.375,-69.3125,43
"1201",-50.375,-69.1875,43
"1202",-50.375,-69.0625,10
"1203",-50.375,-68.9375,1
"1204",-50.375,-68.8125,1
"1205",-50.375,-68.6875,2
"1206",-50.375,-68.4375,1
"1207",-50.375,-68.1875,38
"1208",-50.375,-68.0625,32
"1209",-50.375,-67.8125,4
"1210",-50.375,-66.8125,75
"1211",-50.375,-66.6875,397
"1212",-50.375,-66.5625,216
"1213",-50.375,-66.4375,282
"1214",-50.375,-66.3125,731
"1215",-50.375,-66.1875,926
"1216",-50.375,-66.0625,1016
"1217",-50.375,-65.9375,1290
"1218",-50.375,-65.8125,969
"1219",-50.375,-65.6875,945
"1220",-50.375,-65.5625,799
"1221",-50.375,-65.4375,684
"1222",-50.375,-65.3125,535
"1223",-50.375,-65.1875,437
"1224",-50.375,-65.0625,450
"1225",-50.375,-64.9375,534
"1226",-50.375,-64.8125,492
"1227",-50.375,-64.6875,463
"1228",-50.375,-64.5625,458
"1229",-50.375,-64.4375,648
"1230",-50.375,-64.3125,940
"1231",-50.375,-64.1875,1184
"1232",-50.375,-64.0625,850
"1233",-50.375,-63.9375,523
"1234",-50.375,-63.8125,329
"1235",-50.375,-63.6875,219
"1236",-50.375,-63.5625,130
"1237",-50.375,-63.4375,27
"1238",-50.375,-63.3125,3
"1239",-50.375,-63.1875,31
"1240",-50.375,-63.0625,176
"1241",-50.375,-62.9375,511
"1242",-50.375,-62.8125,399
"1243",-50.375,-62.6875,250
"1244",-50.375,-62.5625,202
"1245",-50.375,-62.4375,132
"1246",-50.375,-62.3125,79
"1247",-50.375,-62.1875,115
"1248",-50.375,-62.0625,129
"1249",-50.375,-61.9375,114
"1250",-50.375,-61.8125,102
"1251",-50.375,-61.6875,65
"1252",-50.375,-61.5625,108
"1253",-50.375,-61.4375,142
"1254",-50.375,-61.3125,137
"1255",-50.375,-61.1875,130
"1256",-50.375,-61.0625,119
"1257",-50.375,-60.9375,99
"1258",-50.375,-60.8125,104
"1259",-50.375,-60.6875,63
"1260",-50.375,-60.5625,19
"1261",-50.375,-60.4375,18
"1262",-50.375,-60.3125,4
"1263",-50.375,-60.1875,2
"1264",-50.375,-60.0625,3
"1265",-50.375,-59.9375,1
"1266",-50.375,-59.8125,2
"1267",-50.375,-59.6875,2
"1268",-50.375,-59.5625,1
"1269",-50.375,-59.4375,2
"1270",-50.125,-70.0625,4
"1271",-50.125,-69.9375,25
"1272",-50.125,-69.8125,49
"1273",-50.125,-69.6875,1
"1274",-50.125,-66.6875,9
"1275",-50.125,-66.5625,4
"1276",-50.125,-66.4375,508
"1277",-50.125,-66.3125,779
"1278",-50.125,-66.1875,700
"1279",-50.125,-66.0625,1297
"1280",-50.125,-65.9375,744
"1281",-50.125,-65.8125,581
"1282",-50.125,-65.6875,558
"1283",-50.125,-65.5625,525
"1284",-50.125,-65.4375,431
"1285",-50.125,-65.3125,359
"1286",-50.125,-65.1875,453
"1287",-50.125,-65.0625,595
"1288",-50.125,-64.9375,527
"1289",-50.125,-64.8125,508
"1290",-50.125,-64.6875,471
"1291",-50.125,-64.5625,536
"1292",-50.125,-64.4375,489
"1293",-50.125,-64.3125,558
"1294",-50.125,-64.1875,865
"1295",-50.125,-64.0625,1134
"1296",-50.125,-63.9375,848
"1297",-50.125,-63.8125,581
"1298",-50.125,-63.6875,429
"1299",-50.125,-63.5625,258
"1300",-50.125,-63.4375,52
"1301",-50.125,-63.3125,32
"1302",-50.125,-63.1875,68
"1303",-50.125,-63.0625,314
"1304",-50.125,-62.9375,520
"1305",-50.125,-62.8125,325
"1306",-50.125,-62.6875,200
"1307",-50.125,-62.5625,117
"1308",-50.125,-62.4375,139
"1309",-50.125,-62.3125,152
"1310",-50.125,-62.1875,175
"1311",-50.125,-62.0625,148
"1312",-50.125,-61.9375,183
"1313",-50.125,-61.8125,113
"1314",-50.125,-61.6875,99
"1315",-50.125,-61.5625,77
"1316",-50.125,-61.4375,125
"1317",-50.125,-61.3125,133
"1318",-50.125,-61.1875,144
"1319",-50.125,-61.0625,132
"1320",-50.125,-60.9375,132
"1321",-50.125,-60.8125,119
"1322",-50.125,-60.6875,68
"1323",-50.125,-60.5625,21
"1324",-50.125,-60.4375,13
"1325",-50.125,-60.3125,6
"1326",-50.125,-60.0625,1
"1327",-50.125,-59.9375,4
"1328",-50.125,-59.4375,2
"1329",-50.125,-59.3125,2
"1330",-50.125,-59.1875,1
"1331",-50.125,-59.0625,2
"1332",-50.125,-58.9375,1
"1333",-49.875,-69.8125,1
"1334",-49.875,-66.4375,181
"1335",-49.875,-66.3125,453
"1336",-49.875,-66.1875,527
"1337",-49.875,-66.0625,450
"1338",-49.875,-65.9375,434
"1339",-49.875,-65.8125,398
"1340",-49.875,-65.6875,521
"1341",-49.875,-65.5625,510
"1342",-49.875,-65.4375,414
"1343",-49.875,-65.3125,516
"1344",-49.875,-65.1875,540
"1345",-49.875,-65.0625,541
"1346",-49.875,-64.9375,430
"1347",-49.875,-64.8125,504
"1348",-49.875,-64.6875,485
"1349",-49.875,-64.5625,394
"1350",-49.875,-64.4375,356
"1351",-49.875,-64.3125,490
"1352",-49.875,-64.1875,519
"1353",-49.875,-64.0625,895
"1354",-49.875,-63.9375,1096
"1355",-49.875,-63.8125,903
"1356",-49.875,-63.6875,739
"1357",-49.875,-63.5625,408
"1358",-49.875,-63.4375,94
"1359",-49.875,-63.3125,35
"1360",-49.875,-63.1875,125
"1361",-49.875,-63.0625,368
"1362",-49.875,-62.9375,546
"1363",-49.875,-62.8125,326
"1364",-49.875,-62.6875,141
"1365",-49.875,-62.5625,76
"1366",-49.875,-62.4375,90
"1367",-49.875,-62.3125,87
"1368",-49.875,-62.1875,128
"1369",-49.875,-62.0625,131
"1370",-49.875,-61.9375,162
"1371",-49.875,-61.8125,77
"1372",-49.875,-61.6875,85
"1373",-49.875,-61.5625,98
"1374",-49.875,-61.4375,96
"1375",-49.875,-61.3125,111
"1376",-49.875,-61.1875,110
"1377",-49.875,-61.0625,139
"1378",-49.875,-60.9375,110
"1379",-49.875,-60.8125,118
"1380",-49.875,-60.6875,66
"1381",-49.875,-60.5625,21
"1382",-49.875,-60.4375,26
"1383",-49.875,-60.3125,5
"1384",-49.875,-60.1875,1
"1385",-49.875,-60.0625,1
"1386",-49.875,-59.9375,4
"1387",-49.875,-59.8125,3
"1388",-49.875,-59.4375,1
"1389",-49.875,-59.3125,1
"1390",-49.875,-58.8125,2
"1391",-49.625,-66.4375,401
"1392",-49.625,-66.3125,373
"1393",-49.625,-66.1875,114
"1394",-49.625,-66.0625,519
"1395",-49.625,-65.9375,311
"1396",-49.625,-65.8125,238
"1397",-49.625,-65.6875,580
"1398",-49.625,-65.5625,444
"1399",-49.625,-65.4375,392
"1400",-49.625,-65.3125,537
"1401",-49.625,-65.1875,548
"1402",-49.625,-65.0625,463
"1403",-49.625,-64.9375,482
"1404",-49.625,-64.8125,437
"1405",-49.625,-64.6875,461
"1406",-49.625,-64.5625,526
"1407",-49.625,-64.4375,510
"1408",-49.625,-64.3125,429
"1409",-49.625,-64.1875,457
"1410",-49.625,-64.0625,515
"1411",-49.625,-63.9375,859
"1412",-49.625,-63.8125,1040
"1413",-49.625,-63.6875,869
"1414",-49.625,-63.5625,734
"1415",-49.625,-63.4375,317
"1416",-49.625,-63.3125,193
"1417",-49.625,-63.1875,214
"1418",-49.625,-63.0625,419
"1419",-49.625,-62.9375,615
"1420",-49.625,-62.8125,322
"1421",-49.625,-62.6875,133
"1422",-49.625,-62.5625,74
"1423",-49.625,-62.4375,66
"1424",-49.625,-62.3125,108
"1425",-49.625,-62.1875,98
"1426",-49.625,-62.0625,142
"1427",-49.625,-61.9375,104
"1428",-49.625,-61.8125,66
"1429",-49.625,-61.6875,93
"1430",-49.625,-61.5625,80
"1431",-49.625,-61.4375,71
"1432",-49.625,-61.3125,71
"1433",-49.625,-61.1875,86
"1434",-49.625,-61.0625,111
"1435",-49.625,-60.9375,121
"1436",-49.625,-60.8125,95
"1437",-49.625,-60.6875,51
"1438",-49.625,-60.5625,22
"1439",-49.625,-60.4375,14
"1440",-49.625,-60.3125,12
"1441",-49.625,-60.1875,6
"1442",-49.625,-60.0625,1
"1443",-49.625,-59.9375,1
"1444",-49.625,-59.8125,3
"1445",-49.625,-59.4375,1
"1446",-49.625,-59.3125,1
"1447",-49.625,-58.8125,1
"1448",-49.375,-66.4375,15
"1449",-49.375,-66.3125,76
"1450",-49.375,-66.1875,14
"1451",-49.375,-66.0625,40
"1452",-49.375,-65.9375,47
"1453",-49.375,-65.8125,43
"1454",-49.375,-65.6875,313
"1455",-49.375,-65.5625,336
"1456",-49.375,-65.4375,427
"1457",-49.375,-65.3125,665
"1458",-49.375,-65.1875,609
"1459",-49.375,-65.0625,572
"1460",-49.375,-64.9375,717
"1461",-49.375,-64.8125,672
"1462",-49.375,-64.6875,577
"1463",-49.375,-64.5625,452
"1464",-49.375,-64.4375,475
"1465",-49.375,-64.3125,509
"1466",-49.375,-64.1875,394
"1467",-49.375,-64.0625,398
"1468",-49.375,-63.9375,548
"1469",-49.375,-63.8125,790
"1470",-49.375,-63.6875,979
"1471",-49.375,-63.5625,917
"1472",-49.375,-63.4375,829
"1473",-49.375,-63.3125,626
"1474",-49.375,-63.1875,509
"1475",-49.375,-63.0625,580
"1476",-49.375,-62.9375,650
"1477",-49.375,-62.8125,328
"1478",-49.375,-62.6875,120
"1479",-49.375,-62.5625,84
"1480",-49.375,-62.4375,107
"1481",-49.375,-62.3125,86
"1482",-49.375,-62.1875,95
"1483",-49.375,-62.0625,93
"1484",-49.375,-61.9375,68
"1485",-49.375,-61.8125,63
"1486",-49.375,-61.6875,61
"1487",-49.375,-61.5625,50
"1488",-49.375,-61.4375,74
"1489",-49.375,-61.3125,71
"1490",-49.375,-61.1875,66
"1491",-49.375,-61.0625,72
"1492",-49.375,-60.9375,78
"1493",-49.375,-60.8125,95
"1494",-49.375,-60.6875,44
"1495",-49.375,-60.5625,31
"1496",-49.375,-60.4375,26
"1497",-49.375,-60.3125,14
"1498",-49.375,-60.1875,5
"1499",-49.375,-60.0625,1
"1500",-49.375,-59.3125,2
"1501",-49.375,-59.1875,3
"1502",-49.375,-58.6875,1
"1503",-49.125,-65.8125,124
"1504",-49.125,-65.6875,566
"1505",-49.125,-65.5625,304
"1506",-49.125,-65.4375,662
"1507",-49.125,-65.3125,732
"1508",-49.125,-65.1875,583
"1509",-49.125,-65.0625,752
"1510",-49.125,-64.9375,864
"1511",-49.125,-64.8125,725
"1512",-49.125,-64.6875,762
"1513",-49.125,-64.5625,826
"1514",-49.125,-64.4375,947
"1515",-49.125,-64.3125,670
"1516",-49.125,-64.1875,486
"1517",-49.125,-64.0625,318
"1518",-49.125,-63.9375,424
"1519",-49.125,-63.8125,614
"1520",-49.125,-63.6875,656
"1521",-49.125,-63.5625,673
"1522",-49.125,-63.4375,709
"1523",-49.125,-63.3125,793
"1524",-49.125,-63.1875,802
"1525",-49.125,-63.0625,762
"1526",-49.125,-62.9375,545
"1527",-49.125,-62.8125,242
"1528",-49.125,-62.6875,116
"1529",-49.125,-62.5625,72
"1530",-49.125,-62.4375,109
"1531",-49.125,-62.3125,80
"1532",-49.125,-62.1875,38
"1533",-49.125,-62.0625,53
"1534",-49.125,-61.9375,44
"1535",-49.125,-61.8125,51
"1536",-49.125,-61.6875,71
"1537",-49.125,-61.5625,57
"1538",-49.125,-61.4375,51
"1539",-49.125,-61.3125,74
"1540",-49.125,-61.1875,46
"1541",-49.125,-61.0625,54
"1542",-49.125,-60.9375,68
"1543",-49.125,-60.8125,54
"1544",-49.125,-60.6875,29
"1545",-49.125,-60.5625,15
"1546",-49.125,-60.4375,28
"1547",-49.125,-60.3125,23
"1548",-49.125,-60.1875,8
"1549",-49.125,-60.0625,1
"1550",-49.125,-59.5625,1
"1551",-49.125,-59.4375,1
"1552",-49.125,-58.6875,1
"1553",-48.875,-65.8125,4
"1554",-48.875,-65.6875,92
"1555",-48.875,-65.5625,38
"1556",-48.875,-65.4375,201
"1557",-48.875,-65.3125,472
"1558",-48.875,-65.1875,522
"1559",-48.875,-65.0625,602
"1560",-48.875,-64.9375,858
"1561",-48.875,-64.8125,787
"1562",-48.875,-64.6875,821
"1563",-48.875,-64.5625,836
"1564",-48.875,-64.4375,892
"1565",-48.875,-64.3125,857
"1566",-48.875,-64.1875,644
"1567",-48.875,-64.0625,407
"1568",-48.875,-63.9375,371
"1569",-48.875,-63.8125,558
"1570",-48.875,-63.6875,573
"1571",-48.875,-63.5625,424
"1572",-48.875,-63.4375,429
"1573",-48.875,-63.3125,449
"1574",-48.875,-63.1875,481
"1575",-48.875,-63.0625,513
"1576",-48.875,-62.9375,313
"1577",-48.875,-62.8125,187
"1578",-48.875,-62.6875,131
"1579",-48.875,-62.5625,90
"1580",-48.875,-62.4375,60
"1581",-48.875,-62.3125,56
"1582",-48.875,-62.1875,34
"1583",-48.875,-62.0625,37
"1584",-48.875,-61.9375,26
"1585",-48.875,-61.8125,58
"1586",-48.875,-61.6875,69
"1587",-48.875,-61.5625,63
"1588",-48.875,-61.4375,60
"1589",-48.875,-61.3125,70
"1590",-48.875,-61.1875,45
"1591",-48.875,-61.0625,47
"1592",-48.875,-60.9375,41
"1593",-48.875,-60.8125,23
"1594",-48.875,-60.6875,29
"1595",-48.875,-60.5625,17
"1596",-48.875,-60.4375,7
"1597",-48.875,-60.3125,10
"1598",-48.875,-60.1875,16
"1599",-48.875,-60.0625,6
"1600",-48.875,-59.6875,1
"1601",-48.875,-58.5625,1
"1602",-48.625,-65.4375,465
"1603",-48.625,-65.3125,573
"1604",-48.625,-65.1875,270
"1605",-48.625,-65.0625,1148
"1606",-48.625,-64.9375,1084
"1607",-48.625,-64.8125,1146
"1608",-48.625,-64.6875,970
"1609",-48.625,-64.5625,909
"1610",-48.625,-64.4375,792
"1611",-48.625,-64.3125,892
"1612",-48.625,-64.1875,977
"1613",-48.625,-64.0625,527
"1614",-48.625,-63.9375,354
"1615",-48.625,-63.8125,427
"1616",-48.625,-63.6875,434
"1617",-48.625,-63.5625,425
"1618",-48.625,-63.4375,438
"1619",-48.625,-63.3125,331
"1620",-48.625,-63.1875,373
"1621",-48.625,-63.0625,288
"1622",-48.625,-62.9375,200
"1623",-48.625,-62.8125,150
"1624",-48.625,-62.6875,122
"1625",-48.625,-62.5625,101
"1626",-48.625,-62.4375,86
"1627",-48.625,-62.3125,43
"1628",-48.625,-62.1875,69
"1629",-48.625,-62.0625,49
"1630",-48.625,-61.9375,40
"1631",-48.625,-61.8125,41
"1632",-48.625,-61.6875,46
"1633",-48.625,-61.5625,65
"1634",-48.625,-61.4375,40
"1635",-48.625,-61.3125,60
"1636",-48.625,-61.1875,44
"1637",-48.625,-61.0625,52
"1638",-48.625,-60.9375,54
"1639",-48.625,-60.8125,28
"1640",-48.625,-60.6875,30
"1641",-48.625,-60.5625,12
"1642",-48.625,-60.4375,10
"1643",-48.625,-60.3125,5
"1644",-48.625,-60.1875,16
"1645",-48.625,-60.0625,4
"1646",-48.625,-58.6875,1
"1647",-48.625,-58.5625,1
"1648",-48.375,-65.4375,7
"1649",-48.375,-65.3125,58
"1650",-48.375,-65.1875,17
"1651",-48.375,-65.0625,354
"1652",-48.375,-64.9375,505
"1653",-48.375,-64.8125,732
"1654",-48.375,-64.6875,894
"1655",-48.375,-64.5625,855
"1656",-48.375,-64.4375,687
"1657",-48.375,-64.3125,847
"1658",-48.375,-64.1875,956
"1659",-48.375,-64.0625,888
"1660",-48.375,-63.9375,479
"1661",-48.375,-63.8125,294
"1662",-48.375,-63.6875,388
"1663",-48.375,-63.5625,361
"1664",-48.375,-63.4375,330
"1665",-48.375,-63.3125,318
"1666",-48.375,-63.1875,376
"1667",-48.375,-63.0625,284
"1668",-48.375,-62.9375,282
"1669",-48.375,-62.8125,129
"1670",-48.375,-62.6875,88
"1671",-48.375,-62.5625,102
"1672",-48.375,-62.4375,107
"1673",-48.375,-62.3125,63
"1674",-48.375,-62.1875,52
"1675",-48.375,-62.0625,55
"1676",-48.375,-61.9375,49
"1677",-48.375,-61.8125,51
"1678",-48.375,-61.6875,58
"1679",-48.375,-61.5625,48
"1680",-48.375,-61.4375,55
"1681",-48.375,-61.3125,35
"1682",-48.375,-61.1875,52
"1683",-48.375,-61.0625,49
"1684",-48.375,-60.9375,44
"1685",-48.375,-60.8125,48
"1686",-48.375,-60.6875,34
"1687",-48.375,-60.5625,12
"1688",-48.375,-60.4375,6
"1689",-48.375,-60.3125,12
"1690",-48.375,-60.1875,10
"1691",-48.375,-60.0625,2
"1692",-48.375,-58.8125,1
"1693",-48.125,-65.1875,3
"1694",-48.125,-65.0625,697
"1695",-48.125,-64.9375,593
"1696",-48.125,-64.8125,675
"1697",-48.125,-64.6875,922
"1698",-48.125,-64.5625,544
"1699",-48.125,-64.4375,679
"1700",-48.125,-64.3125,850
"1701",-48.125,-64.1875,896
"1702",-48.125,-64.0625,939
"1703",-48.125,-63.9375,712
"1704",-48.125,-63.8125,411
"1705",-48.125,-63.6875,338
"1706",-48.125,-63.5625,324
"1707",-48.125,-63.4375,295
"1708",-48.125,-63.3125,388
"1709",-48.125,-63.1875,299
"1710",-48.125,-63.0625,292
"1711",-48.125,-62.9375,222
"1712",-48.125,-62.8125,130
"1713",-48.125,-62.6875,69
"1714",-48.125,-62.5625,89
"1715",-48.125,-62.4375,66
"1716",-48.125,-62.3125,80
"1717",-48.125,-62.1875,84
"1718",-48.125,-62.0625,64
"1719",-48.125,-61.9375,43
"1720",-48.125,-61.8125,62
"1721",-48.125,-61.6875,41
"1722",-48.125,-61.5625,43
"1723",-48.125,-61.4375,48
"1724",-48.125,-61.3125,41
"1725",-48.125,-61.1875,17
"1726",-48.125,-61.0625,51
"1727",-48.125,-60.9375,17
"1728",-48.125,-60.8125,33
"1729",-48.125,-60.6875,44
"1730",-48.125,-60.5625,6
"1731",-48.125,-60.4375,3
"1732",-48.125,-60.3125,9
"1733",-48.125,-60.1875,1
"1734",-48.125,-58.5625,1
"1735",-48.125,-58.4375,2
"1736",-47.875,-65.0625,65
"1737",-47.875,-64.9375,186
"1738",-47.875,-64.8125,154
"1739",-47.875,-64.6875,300
"1740",-47.875,-64.5625,267
"1741",-47.875,-64.4375,293
"1742",-47.875,-64.3125,543
"1743",-47.875,-64.1875,567
"1744",-47.875,-64.0625,888
"1745",-47.875,-63.9375,863
"1746",-47.875,-63.8125,756
"1747",-47.875,-63.6875,628
"1748",-47.875,-63.5625,473
"1749",-47.875,-63.4375,478
"1750",-47.875,-63.3125,338
"1751",-47.875,-63.1875,283
"1752",-47.875,-63.0625,196
"1753",-47.875,-62.9375,205
"1754",-47.875,-62.8125,138
"1755",-47.875,-62.6875,82
"1756",-47.875,-62.5625,62
"1757",-47.875,-62.4375,51
"1758",-47.875,-62.3125,68
"1759",-47.875,-62.1875,76
"1760",-47.875,-62.0625,66
"1761",-47.875,-61.9375,61
"1762",-47.875,-61.8125,35
"1763",-47.875,-61.6875,24
"1764",-47.875,-61.5625,26
"1765",-47.875,-61.4375,16
"1766",-47.875,-61.3125,29
"1767",-47.875,-61.1875,25
"1768",-47.875,-61.0625,29
"1769",-47.875,-60.9375,10
"1770",-47.875,-60.8125,10
"1771",-47.875,-60.6875,14
"1772",-47.875,-60.5625,8
"1773",-47.875,-60.4375,3
"1774",-47.875,-58.6875,1
"1775",-47.875,-58.3125,1
"1776",-47.625,-64.9375,9
"1777",-47.625,-64.8125,118
"1778",-47.625,-64.6875,438
"1779",-47.625,-64.5625,287
"1780",-47.625,-64.4375,437
"1781",-47.625,-64.3125,490
"1782",-47.625,-64.1875,472
"1783",-47.625,-64.0625,867
"1784",-47.625,-63.9375,865
"1785",-47.625,-63.8125,935
"1786",-47.625,-63.6875,1137
"1787",-47.625,-63.5625,800
"1788",-47.625,-63.4375,618
"1789",-47.625,-63.3125,330
"1790",-47.625,-63.1875,179
"1791",-47.625,-63.0625,174
"1792",-47.625,-62.9375,166
"1793",-47.625,-62.8125,111
"1794",-47.625,-62.6875,77
"1795",-47.625,-62.5625,49
"1796",-47.625,-62.4375,61
"1797",-47.625,-62.3125,59
"1798",-47.625,-62.1875,78
"1799",-47.625,-62.0625,66
"1800",-47.625,-61.9375,41
"1801",-47.625,-61.8125,15
"1802",-47.625,-61.6875,12
"1803",-47.625,-61.5625,10
"1804",-47.625,-61.4375,13
"1805",-47.625,-61.3125,19
"1806",-47.625,-61.1875,17
"1807",-47.625,-61.0625,16
"1808",-47.625,-60.9375,7
"1809",-47.625,-60.8125,4
"1810",-47.625,-60.5625,2
"1811",-47.625,-60.4375,1
"1812",-47.625,-58.8125,1
"1813",-47.625,-58.5625,1
"1814",-47.625,-58.3125,1
"1815",-47.375,-64.6875,16
"1816",-47.375,-64.5625,30
"1817",-47.375,-64.4375,17
"1818",-47.375,-64.3125,25
"1819",-47.375,-64.1875,233
"1820",-47.375,-64.0625,814
"1821",-47.375,-63.9375,813
"1822",-47.375,-63.8125,788
"1823",-47.375,-63.6875,1037
"1824",-47.375,-63.5625,1022
"1825",-47.375,-63.4375,736
"1826",-47.375,-63.3125,374
"1827",-47.375,-63.1875,202
"1828",-47.375,-63.0625,206
"1829",-47.375,-62.9375,161
"1830",-47.375,-62.8125,121
"1831",-47.375,-62.6875,93
"1832",-47.375,-62.5625,79
"1833",-47.375,-62.4375,68
"1834",-47.375,-62.3125,43
"1835",-47.375,-62.1875,24
"1836",-47.375,-62.0625,12
"1837",-47.375,-61.9375,6
"1838",-47.375,-61.8125,2
"1839",-47.375,-61.6875,1
"1840",-47.375,-61.5625,2
"1841",-47.375,-61.4375,1
"1842",-47.375,-61.3125,5
"1843",-47.375,-61.1875,12
"1844",-47.375,-61.0625,6
"1845",-47.375,-60.8125,2
"1846",-47.375,-60.6875,1
"1847",-47.375,-60.5625,2
"1848",-47.375,-60.4375,1
"1849",-47.375,-60.3125,3
"1850",-47.375,-58.8125,1
"1851",-47.125,-64.1875,54
"1852",-47.125,-64.0625,743
"1853",-47.125,-63.9375,770
"1854",-47.125,-63.8125,829
"1855",-47.125,-63.6875,735
"1856",-47.125,-63.5625,886
"1857",-47.125,-63.4375,736
"1858",-47.125,-63.3125,405
"1859",-47.125,-63.1875,326
"1860",-47.125,-63.0625,297
"1861",-47.125,-62.9375,173
"1862",-47.125,-62.8125,96
"1863",-47.125,-62.6875,106
"1864",-47.125,-62.5625,102
"1865",-47.125,-62.4375,45
"1866",-47.125,-62.3125,30
"1867",-47.125,-62.1875,11
"1868",-47.125,-61.8125,4
"1869",-47.125,-61.6875,1
"1870",-47.125,-61.1875,2
"1871",-47.125,-61.0625,2
"1872",-47.125,-60.8125,1
"1873",-47.125,-60.6875,2
"1874",-47.125,-60.3125,7
"1875",-47.125,-60.1875,2
"1876",-47.125,-60.0625,2
"1877",-47.125,-58.8125,1
"1878",-46.875,-64.1875,10
"1879",-46.875,-64.0625,625
"1880",-46.875,-63.9375,777
"1881",-46.875,-63.8125,830
"1882",-46.875,-63.6875,843
"1883",-46.875,-63.5625,877
"1884",-46.875,-63.4375,763
"1885",-46.875,-63.3125,455
"1886",-46.875,-63.1875,524
"1887",-46.875,-63.0625,253
"1888",-46.875,-62.9375,112
"1889",-46.875,-62.8125,120
"1890",-46.875,-62.6875,112
"1891",-46.875,-62.5625,64
"1892",-46.875,-62.4375,50
"1893",-46.875,-62.3125,28
"1894",-46.875,-62.1875,8
"1895",-46.875,-61.9375,4
"1896",-46.875,-60.3125,1
"1897",-46.875,-59.0625,1
"1898",-46.625,-64.1875,2
"1899",-46.625,-64.0625,565
"1900",-46.625,-63.9375,738
"1901",-46.625,-63.8125,716
"1902",-46.625,-63.6875,744
"1903",-46.625,-63.5625,841
"1904",-46.625,-63.4375,789
"1905",-46.625,-63.3125,604
"1906",-46.625,-63.1875,459
"1907",-46.625,-63.0625,325
"1908",-46.625,-62.9375,163
"1909",-46.625,-62.8125,122
"1910",-46.625,-62.6875,102
"1911",-46.625,-62.5625,53
"1912",-46.625,-62.4375,44
"1913",-46.625,-62.3125,18
"1914",-46.625,-62.1875,4
"1915",-46.625,-62.0625,2
"1916",-46.375,-64.1875,6
"1917",-46.375,-64.0625,473
"1918",-46.375,-63.9375,628
"1919",-46.375,-63.8125,538
"1920",-46.375,-63.6875,693
"1921",-46.375,-63.5625,717
"1922",-46.375,-63.4375,845
"1923",-46.375,-63.3125,659
"1924",-46.375,-63.1875,545
"1925",-46.375,-63.0625,498
"1926",-46.375,-62.9375,226
"1927",-46.375,-62.8125,155
"1928",-46.375,-62.6875,73
"1929",-46.375,-62.5625,34
"1930",-46.375,-62.4375,18
"1931",-46.375,-62.3125,13
"1932",-46.375,-62.1875,2
"1933",-46.375,-62.0625,2
"1934",-46.125,-64.1875,2
"1935",-46.125,-64.0625,425
"1936",-46.125,-63.9375,679
"1937",-46.125,-63.8125,477
"1938",-46.125,-63.6875,665
"1939",-46.125,-63.5625,826
"1940",-46.125,-63.4375,703
"1941",-46.125,-63.3125,664
"1942",-46.125,-63.1875,549
"1943",-46.125,-63.0625,399
"1944",-46.125,-62.9375,147
"1945",-46.125,-62.8125,91
"1946",-46.125,-62.6875,27
"1947",-46.125,-62.5625,13
"1948",-46.125,-62.4375,25
"1949",-46.125,-62.3125,9
"1950",-46.125,-62.1875,3
"1951",-46.125,-62.0625,1
"1952",-45.875,-64.1875,3
"1953",-45.875,-64.0625,422
"1954",-45.875,-63.9375,631
"1955",-45.875,-63.8125,524
"1956",-45.875,-63.6875,539
"1957",-45.875,-63.5625,842
"1958",-45.875,-63.4375,716
"1959",-45.875,-63.3125,581
"1960",-45.875,-63.1875,486
"1961",-45.875,-63.0625,233
"1962",-45.875,-62.9375,96
"1963",-45.875,-62.8125,35
"1964",-45.875,-62.6875,20
"1965",-45.875,-62.5625,13
"1966",-45.875,-62.4375,7
"1967",-45.875,-62.3125,6
"1968",-45.875,-62.1875,5
"1969",-45.625,-64.1875,6
"1970",-45.625,-64.0625,377
"1971",-45.625,-63.9375,667
"1972",-45.625,-63.8125,524
"1973",-45.625,-63.6875,540
"1974",-45.625,-63.5625,705
"1975",-45.625,-63.4375,501
"1976",-45.625,-63.3125,541
"1977",-45.625,-63.1875,398
"1978",-45.625,-63.0625,122
"1979",-45.625,-62.9375,47
"1980",-45.625,-62.8125,28
"1981",-45.625,-62.6875,2
"1982",-45.625,-62.5625,4
"1983",-45.625,-62.4375,6
"1984",-45.625,-62.3125,8
"1985",-45.625,-62.1875,2
"1986",-45.375,-64.1875,8
"1987",-45.375,-64.0625,413
"1988",-45.375,-63.9375,669
"1989",-45.375,-63.8125,524
"1990",-45.375,-63.6875,540
"1991",-45.375,-63.5625,610
"1992",-45.375,-63.4375,373
"1993",-45.375,-63.3125,429
"1994",-45.375,-63.1875,200
"1995",-45.375,-63.0625,76
"1996",-45.375,-62.9375,69
"1997",-45.375,-62.8125,25
"1998",-45.375,-62.6875,1
"1999",-45.375,-62.5625,3
"2000",-45.375,-62.4375,9
"2001",-45.375,-62.3125,5
"2002",-45.375,-62.1875,1
"2003",-45.125,-64.1875,5
"2004",-45.125,-64.0625,419
"2005",-45.125,-63.9375,663
"2006",-45.125,-63.8125,551
"2007",-45.125,-63.6875,488
"2008",-45.125,-63.5625,582
"2009",-45.125,-63.4375,469
"2010",-45.125,-63.3125,227
"2011",-45.125,-63.1875,73
"2012",-45.125,-63.0625,60
"2013",-45.125,-62.9375,51
"2014",-45.125,-62.8125,21
"2015",-45.125,-62.6875,6
"2016",-45.125,-62.5625,5
"2017",-45.125,-62.4375,9
"2018",-45.125,-62.3125,1
"2019",-44.875,-64.1875,8
"2020",-44.875,-64.0625,452
"2021",-44.875,-63.9375,646
"2022",-44.875,-63.8125,551
"2023",-44.875,-63.6875,451
"2024",-44.875,-63.5625,573
"2025",-44.875,-63.4375,404
"2026",-44.875,-63.3125,78
"2027",-44.875,-63.1875,51
"2028",-44.875,-63.0625,44
"2029",-44.875,-62.9375,30
"2030",-44.875,-62.8125,15
"2031",-44.875,-62.6875,7
"2032",-44.875,-62.5625,10
"2033",-44.875,-62.4375,6
"2034",-44.875,-62.3125,1
"2035",-44.625,-64.1875,6
"2036",-44.625,-64.0625,493
"2037",-44.625,-63.9375,579
"2038",-44.625,-63.8125,641
"2039",-44.625,-63.6875,459
"2040",-44.625,-63.5625,532
"2041",-44.625,-63.4375,351
"2042",-44.625,-63.3125,71
"2043",-44.625,-63.1875,64
"2044",-44.625,-63.0625,47
"2045",-44.625,-62.9375,35
"2046",-44.625,-62.8125,18
"2047",-44.625,-62.6875,13
"2048",-44.625,-62.5625,26
"2049",-44.625,-62.4375,4
"2050",-44.375,-64.0625,488
"2051",-44.375,-63.9375,563
"2052",-44.375,-63.8125,705
"2053",-44.375,-63.6875,413
"2054",-44.375,-63.5625,547
"2055",-44.375,-63.4375,451
"2056",-44.375,-63.3125,110
"2057",-44.375,-63.1875,93
"2058",-44.375,-63.0625,70
"2059",-44.375,-62.9375,51
"2060",-44.375,-62.8125,43
"2061",-44.375,-62.6875,17
"2062",-44.375,-62.5625,10
"2063",-44.375,-62.4375,3
"2064",-44.375,-62.3125,1
"2065",-44.375,-62.1875,6
"2066",-44.125,-64.1875,13
"2067",-44.125,-64.0625,480
"2068",-44.125,-63.9375,562
"2069",-44.125,-63.8125,610
"2070",-44.125,-63.6875,546
"2071",-44.125,-63.5625,489
"2072",-44.125,-63.4375,582
"2073",-44.125,-63.3125,319
"2074",-44.125,-63.1875,114
"2075",-44.125,-63.0625,83
"2076",-44.125,-62.9375,42
"2077",-44.125,-62.8125,22
"2078",-44.125,-62.6875,21
"2079",-44.125,-62.5625,1
"2080",-44.125,-62.4375,5
"2081",-44.125,-62.0625,2
"2082",-44.125,-61.9375,2
"2083",-43.875,-64.1875,6
"2084",-43.875,-64.0625,427
"2085",-43.875,-63.9375,611
"2086",-43.875,-63.8125,514
"2087",-43.875,-63.6875,623
"2088",-43.875,-63.5625,524
"2089",-43.875,-63.4375,636
"2090",-43.875,-63.3125,477
"2091",-43.875,-63.1875,237
"2092",-43.875,-63.0625,120
"2093",-43.875,-62.9375,89
"2094",-43.875,-62.8125,28
"2095",-43.875,-62.6875,13
"2096",-43.875,-62.5625,15
"2097",-43.875,-62.4375,4
"2098",-43.875,-62.3125,3
"2099",-43.875,-62.1875,3
"2100",-43.875,-62.0625,3
"2101",-43.875,-61.9375,6
"2102",-43.625,-64.1875,8
"2103",-43.625,-64.0625,253
"2104",-43.625,-63.9375,613
"2105",-43.625,-63.8125,515
"2106",-43.625,-63.6875,606
"2107",-43.625,-63.5625,478
"2108",-43.625,-63.4375,540
"2109",-43.625,-63.3125,531
"2110",-43.625,-63.1875,312
"2111",-43.625,-63.0625,145
"2112",-43.625,-62.9375,101
"2113",-43.625,-62.8125,54
"2114",-43.625,-62.6875,19
"2115",-43.625,-62.5625,8
"2116",-43.625,-62.4375,7
"2117",-43.625,-62.3125,1
"2118",-43.625,-61.9375,4
"2119",-43.375,-64.0625,113
"2120",-43.375,-63.9375,587
"2121",-43.375,-63.8125,489
"2122",-43.375,-63.6875,620
"2123",-43.375,-63.5625,480
"2124",-43.375,-63.4375,532
"2125",-43.375,-63.3125,548
"2126",-43.375,-63.1875,397
"2127",-43.375,-63.0625,189
"2128",-43.375,-62.9375,146
"2129",-43.375,-62.8125,93
"2130",-43.375,-62.6875,36
"2131",-43.375,-62.5625,14
"2132",-43.375,-62.4375,7
"2133",-43.125,-64.0625,67
"2134",-43.125,-63.9375,517
"2135",-43.125,-63.8125,540
"2136",-43.125,-63.6875,544
"2137",-43.125,-63.5625,594
"2138",-43.125,-63.4375,527
"2139",-43.125,-63.3125,550
"2140",-43.125,-63.1875,421
"2141",-43.125,-63.0625,251
"2142",-43.125,-62.9375,168
"2143",-43.125,-62.8125,127
"2144",-43.125,-62.6875,35
"2145",-43.125,-62.5625,14
"2146",-43.125,-62.4375,15
"2147",-43.125,-62.3125,4
"2148",-43.125,-62.1875,1
"2149",-42.875,-64.1875,14
"2150",-42.875,-64.0625,65
"2151",-42.875,-63.9375,453
"2152",-42.875,-63.8125,574
"2153",-42.875,-63.6875,458
"2154",-42.875,-63.5625,648
"2155",-42.875,-63.4375,450
"2156",-42.875,-63.3125,572
"2157",-42.875,-63.1875,430
"2158",-42.875,-63.0625,274
"2159",-42.875,-62.9375,158
"2160",-42.875,-62.8125,108
"2161",-42.875,-62.6875,71
"2162",-42.875,-62.5625,25
"2163",-42.875,-62.4375,12
"2164",-42.875,-62.3125,8
"2165",-42.875,-62.1875,1
"2166",-42.625,-64.3125,16
"2167",-42.625,-64.1875,54
"2168",-42.625,-64.0625,138
"2169",-42.625,-63.9375,365
"2170",-42.625,-63.8125,630
"2171",-42.625,-63.6875,436
"2172",-42.625,-63.5625,547
"2173",-42.625,-63.4375,505
"2174",-42.625,-63.3125,555
"2175",-42.625,-63.1875,457
"2176",-42.625,-63.0625,343
"2177",-42.625,-62.9375,132
"2178",-42.625,-62.8125,105
"2179",-42.625,-62.6875,93
"2180",-42.625,-62.5625,35
"2181",-42.625,-62.4375,12
"2182",-42.625,-62.3125,14
"2183",-42.625,-62.1875,4
"2184",-42.625,-62.0625,1
"2185",-42.375,-64.4375,4
"2186",-42.375,-64.3125,27
"2187",-42.375,-64.1875,99
"2188",-42.375,-64.0625,248
"2189",-42.375,-63.9375,402
"2190",-42.375,-63.8125,681
"2191",-42.375,-63.6875,473
"2192",-42.375,-63.5625,442
"2193",-42.375,-63.4375,533
"2194",-42.375,-63.3125,444
"2195",-42.375,-63.1875,379
"2196",-42.375,-63.0625,330
"2197",-42.375,-62.9375,153
"2198",-42.375,-62.8125,107
"2199",-42.375,-62.6875,99
"2200",-42.375,-62.5625,58
"2201",-42.375,-62.4375,22
"2202",-42.375,-62.3125,15
"2203",-42.375,-62.1875,9
"2204",-42.375,-62.0625,7
"2205",-42.375,-61.9375,11
"2206",-42.125,-64.4375,4
"2207",-42.125,-64.3125,27
"2208",-42.125,-64.1875,150
"2209",-42.125,-64.0625,326
"2210",-42.125,-63.9375,546
"2211",-42.125,-63.8125,665
"2212",-42.125,-63.6875,544
"2213",-42.125,-63.5625,460
"2214",-42.125,-63.4375,543
"2215",-42.125,-63.3125,438
"2216",-42.125,-63.1875,346
"2217",-42.125,-63.0625,314
"2218",-42.125,-62.9375,185
"2219",-42.125,-62.8125,113
"2220",-42.125,-62.6875,77
"2221",-42.125,-62.5625,87
"2222",-42.125,-62.4375,50
"2223",-42.125,-62.3125,23
"2224",-42.125,-62.1875,17
"2225",-42.125,-62.0625,15
"2226",-42.125,-61.9375,28
"2227",-41.875,-64.4375,30
"2228",-41.875,-64.3125,42
"2229",-41.875,-64.1875,92
"2230",-41.875,-64.0625,260
"2231",-41.875,-63.9375,416
"2232",-41.875,-63.8125,704
"2233",-41.875,-63.6875,636
"2234",-41.875,-63.5625,419
"2235",-41.875,-63.4375,504
"2236",-41.875,-63.3125,424
"2237",-41.875,-63.1875,330
"2238",-41.875,-63.0625,300
"2239",-41.875,-62.9375,318
"2240",-41.875,-62.8125,223
"2241",-41.875,-62.6875,129
"2242",-41.875,-62.5625,93
"2243",-41.875,-62.4375,63
"2244",-41.875,-62.3125,53
"2245",-41.875,-62.1875,49
"2246",-41.875,-62.0625,12
"2247",-41.875,-61.9375,10
"2248",-41.875,-61.8125,1
"2249",-41.875,-61.6875,10
"2250",-41.875,-61.5625,2
"2251",-41.625,-64.5625,2
"2252",-41.625,-64.4375,4
"2253",-41.625,-64.3125,50
"2254",-41.625,-64.1875,73
"2255",-41.625,-64.0625,232
"2256",-41.625,-63.9375,475
"2257",-41.625,-63.8125,859
"2258",-41.625,-63.6875,685
"2259",-41.625,-63.5625,490
"2260",-41.625,-63.4375,476
"2261",-41.625,-63.3125,492
"2262",-41.625,-63.1875,432
"2263",-41.625,-63.0625,354
"2264",-41.625,-62.9375,298
"2265",-41.625,-62.8125,268
"2266",-41.625,-62.6875,165
"2267",-41.625,-62.5625,111
"2268",-41.625,-62.4375,98
"2269",-41.625,-62.3125,56
"2270",-41.625,-62.1875,56
"2271",-41.625,-62.0625,57
"2272",-41.625,-61.9375,9
"2273",-41.625,-61.8125,4
"2274",-41.625,-61.6875,6
"2275",-41.625,-60.9375,2
"2276",-41.625,-60.8125,4
"2277",-41.375,-64.5625,6
"2278",-41.375,-64.4375,28
"2279",-41.375,-64.3125,40
"2280",-41.375,-64.1875,12
"2281",-41.375,-64.0625,103
"2282",-41.375,-63.9375,402
"2283",-41.375,-63.8125,802
"2284",-41.375,-63.6875,779
"2285",-41.375,-63.5625,574
"2286",-41.375,-63.4375,421
"2287",-41.375,-63.3125,521
"2288",-41.375,-63.1875,461
"2289",-41.375,-63.0625,460
"2290",-41.375,-62.9375,329
"2291",-41.375,-62.8125,205
"2292",-41.375,-62.6875,175
"2293",-41.375,-62.5625,77
"2294",-41.375,-62.4375,74
"2295",-41.375,-62.3125,82
"2296",-41.375,-62.1875,47
"2297",-41.375,-62.0625,50
"2298",-41.375,-61.9375,35
"2299",-41.375,-61.8125,28
"2300",-41.375,-61.6875,16
"2301",-41.375,-61.5625,2
"2302",-41.375,-60.9375,8
"2303",-41.375,-60.8125,2
"2304",-41.125,-64.4375,2
"2305",-41.125,-64.1875,4
"2306",-41.125,-64.0625,170
"2307",-41.125,-63.9375,402
"2308",-41.125,-63.8125,795
"2309",-41.125,-63.6875,764
"2310",-41.125,-63.5625,644
"2311",-41.125,-63.4375,441
"2312",-41.125,-63.3125,508
"2313",-41.125,-63.1875,417
"2314",-41.125,-63.0625,448
"2315",-41.125,-62.9375,308
"2316",-41.125,-62.8125,160
"2317",-41.125,-62.6875,165
"2318",-41.125,-62.5625,104
"2319",-41.125,-62.4375,92
"2320",-41.125,-62.3125,64
"2321",-41.125,-62.1875,79
"2322",-41.125,-62.0625,48
"2323",-41.125,-61.9375,37
"2324",-41.125,-61.8125,33
"2325",-41.125,-61.6875,30
"2326",-41.125,-61.5625,17
"2327",-41.125,-61.4375,4
"2328",-41.125,-61.3125,4
"2329",-41.125,-61.1875,7
"2330",-41.125,-61.0625,7
"2331",-41.125,-60.9375,1
"2332",-40.875,-64.1875,13
"2333",-40.875,-64.0625,129
"2334",-40.875,-63.9375,380
"2335",-40.875,-63.8125,644
"2336",-40.875,-63.6875,736
"2337",-40.875,-63.5625,667
"2338",-40.875,-63.4375,438
"2339",-40.875,-63.3125,508
"2340",-40.875,-63.1875,478
"2341",-40.875,-63.0625,407
"2342",-40.875,-62.9375,336
"2343",-40.875,-62.8125,131
"2344",-40.875,-62.6875,102
"2345",-40.875,-62.5625,73
"2346",-40.875,-62.4375,98
"2347",-40.875,-62.3125,94
"2348",-40.875,-62.1875,65
"2349",-40.875,-62.0625,79
"2350",-40.875,-61.9375,79
"2351",-40.875,-61.8125,59
"2352",-40.875,-61.6875,48
"2353",-40.875,-61.5625,46
"2354",-40.875,-61.4375,18
"2355",-40.875,-61.3125,10
"2356",-40.875,-61.1875,8
"2357",-40.875,-61.0625,3
"2358",-40.875,-60.9375,4
"2359",-40.625,-64.1875,2
"2360",-40.625,-64.0625,129
"2361",-40.625,-63.9375,360
"2362",-40.625,-63.8125,553
"2363",-40.625,-63.6875,575
"2364",-40.625,-63.5625,550
"2365",-40.625,-63.4375,481
"2366",-40.625,-63.3125,488
"2367",-40.625,-63.1875,457
"2368",-40.625,-63.0625,367
"2369",-40.625,-62.9375,288
"2370",-40.625,-62.8125,163
"2371",-40.625,-62.6875,90
"2372",-40.625,-62.5625,109
"2373",-40.625,-62.4375,75
"2374",-40.625,-62.3125,65
"2375",-40.625,-62.1875,57
"2376",-40.625,-62.0625,56
"2377",-40.625,-61.9375,31
"2378",-40.625,-61.8125,59
"2379",-40.625,-61.6875,25
"2380",-40.625,-61.5625,42
"2381",-40.625,-61.4375,29
"2382",-40.625,-61.3125,27
"2383",-40.625,-61.1875,6
"2384",-40.625,-60.9375,5
"2385",-40.625,-60.8125,6
"2386",-40.375,-64.1875,11
"2387",-40.375,-64.0625,73
"2388",-40.375,-63.9375,297
"2389",-40.375,-63.8125,339
"2390",-40.375,-63.6875,525
"2391",-40.375,-63.5625,473
"2392",-40.375,-63.4375,443
"2393",-40.375,-63.3125,486
"2394",-40.375,-63.1875,489
"2395",-40.375,-63.0625,335
"2396",-40.375,-62.9375,330
"2397",-40.375,-62.8125,193
"2398",-40.375,-62.6875,100
"2399",-40.375,-62.5625,82
"2400",-40.375,-62.4375,85
"2401",-40.375,-62.3125,53
"2402",-40.375,-62.1875,35
"2403",-40.375,-62.0625,35
"2404",-40.375,-61.9375,25
"2405",-40.375,-61.8125,41
"2406",-40.375,-61.6875,28
"2407",-40.375,-61.5625,20
"2408",-40.375,-61.4375,23
"2409",-40.375,-61.3125,13
"2410",-40.375,-61.1875,6
"2411",-40.375,-61.0625,10
"2412",-40.375,-60.9375,4
"2413",-40.375,-60.8125,43
"2414",-40.125,-64.1875,25
"2415",-40.125,-64.0625,40
"2416",-40.125,-63.9375,235
"2417",-40.125,-63.8125,298
"2418",-40.125,-63.6875,510
"2419",-40.125,-63.5625,421
"2420",-40.125,-63.4375,378
"2421",-40.125,-63.3125,443
"2422",-40.125,-63.1875,498
"2423",-40.125,-63.0625,446
"2424",-40.125,-62.9375,318
"2425",-40.125,-62.8125,265
"2426",-40.125,-62.6875,78
"2427",-40.125,-62.5625,58
"2428",-40.125,-62.4375,30
"2429",-40.125,-62.3125,23
"2430",-40.125,-62.1875,23
"2431",-40.125,-62.0625,13
"2432",-40.125,-61.9375,32
"2433",-40.125,-61.8125,60
"2434",-40.125,-61.6875,24
"2435",-40.125,-61.5625,22
"2436",-40.125,-61.4375,39
"2437",-40.125,-61.3125,16
"2438",-40.125,-61.1875,7
"2439",-40.125,-61.0625,5
"2440",-40.125,-60.9375,11
"2441",-40.125,-60.8125,24
"2442",-40.125,-60.6875,8
"2443",-39.875,-64.1875,3
"2444",-39.875,-64.0625,40
"2445",-39.875,-63.9375,225
"2446",-39.875,-63.8125,210
"2447",-39.875,-63.6875,493
"2448",-39.875,-63.5625,392
"2449",-39.875,-63.4375,339
"2450",-39.875,-63.3125,418
"2451",-39.875,-63.1875,457
"2452",-39.875,-63.0625,484
"2453",-39.875,-62.9375,395
"2454",-39.875,-62.8125,276
"2455",-39.875,-62.6875,83
"2456",-39.875,-62.5625,56
"2457",-39.875,-62.4375,21
"2458",-39.875,-62.3125,27
"2459",-39.875,-62.1875,16
"2460",-39.875,-62.0625,24
"2461",-39.875,-61.9375,10
"2462",-39.875,-61.8125,21
"2463",-39.875,-61.6875,39
"2464",-39.875,-61.5625,30
"2465",-39.875,-61.4375,26
"2466",-39.875,-61.3125,14
"2467",-39.875,-61.1875,13
"2468",-39.875,-61.0625,13
"2469",-39.875,-60.9375,11
"2470",-39.625,-64.0625,34
"2471",-39.625,-63.9375,192
"2472",-39.625,-63.8125,233
"2473",-39.625,-63.6875,376
"2474",-39.625,-63.5625,476
"2475",-39.625,-63.4375,399
"2476",-39.625,-63.3125,315
"2477",-39.625,-63.1875,448
"2478",-39.625,-63.0625,511
"2479",-39.625,-62.9375,446
"2480",-39.625,-62.8125,300
"2481",-39.625,-62.6875,126
"2482",-39.625,-62.5625,64
"2483",-39.625,-62.4375,58
"2484",-39.625,-62.3125,41
"2485",-39.625,-62.1875,34
"2486",-39.625,-62.0625,9
"2487",-39.625,-61.9375,12
"2488",-39.625,-61.8125,23
"2489",-39.625,-61.6875,13
"2490",-39.625,-61.5625,28
"2491",-39.625,-61.4375,21
"2492",-39.625,-61.3125,10
"2493",-39.625,-61.1875,12
"2494",-39.625,-61.0625,4
"2495",-39.625,-60.9375,3
"2496",-39.625,-60.8125,5
"2497",-39.375,-64.1875,17
"2498",-39.375,-64.0625,4
"2499",-39.375,-63.9375,123
"2500",-39.375,-63.8125,229
"2501",-39.375,-63.6875,187
"2502",-39.375,-63.5625,505
"2503",-39.375,-63.4375,554
"2504",-39.375,-63.3125,345
"2505",-39.375,-63.1875,385
"2506",-39.375,-63.0625,442
"2507",-39.375,-62.9375,488
"2508",-39.375,-62.8125,355
"2509",-39.375,-62.6875,236
"2510",-39.375,-62.5625,98
"2511",-39.375,-62.4375,59
"2512",-39.375,-62.3125,72
"2513",-39.375,-62.1875,32
"2514",-39.375,-62.0625,14
"2515",-39.375,-61.9375,29
"2516",-39.375,-61.8125,10
"2517",-39.375,-61.6875,3
"2518",-39.375,-61.5625,4
"2519",-39.375,-61.4375,2
"2520",-39.375,-60.6875,2
"2521",-39.125,-64.1875,8
"2522",-39.125,-63.9375,90
"2523",-39.125,-63.8125,172
"2524",-39.125,-63.6875,181
"2525",-39.125,-63.5625,496
"2526",-39.125,-63.4375,624
"2527",-39.125,-63.3125,431
"2528",-39.125,-63.1875,434
"2529",-39.125,-63.0625,384
"2530",-39.125,-62.9375,523
"2531",-39.125,-62.8125,351
"2532",-39.125,-62.6875,255
"2533",-39.125,-62.5625,147
"2534",-39.125,-62.4375,75
"2535",-39.125,-62.3125,52
"2536",-39.125,-62.1875,61
"2537",-39.125,-62.0625,29
"2538",-39.125,-61.9375,29
"2539",-39.125,-61.8125,20
"2540",-39.125,-61.6875,3
"2541",-39.125,-60.6875,4
"2542",-38.875,-64.0625,2
"2543",-38.875,-63.9375,81
"2544",-38.875,-63.8125,153
"2545",-38.875,-63.6875,200
"2546",-38.875,-63.5625,374
"2547",-38.875,-63.4375,495
"2548",-38.875,-63.3125,641
"2549",-38.875,-63.1875,377
"2550",-38.875,-63.0625,370
"2551",-38.875,-62.9375,445
"2552",-38.875,-62.8125,491
"2553",-38.875,-62.6875,349
"2554",-38.875,-62.5625,204
"2555",-38.875,-62.4375,74
"2556",-38.875,-62.3125,39
"2557",-38.875,-62.1875,62
"2558",-38.875,-62.0625,16
"2559",-38.875,-61.9375,25
"2560",-38.875,-61.8125,9
"2561",-38.875,-61.6875,6
"2562",-38.875,-61.3125,4
"2563",-38.875,-60.6875,2
"2564",-38.875,-60.5625,1
"2565",-38.625,-64.0625,5
"2566",-38.625,-63.9375,81
"2567",-38.625,-63.8125,187
"2568",-38.625,-63.6875,174
"2569",-38.625,-63.5625,228
"2570",-38.625,-63.4375,323
"2571",-38.625,-63.3125,594
"2572",-38.625,-63.1875,502
"2573",-38.625,-63.0625,450
"2574",-38.625,-62.9375,408
"2575",-38.625,-62.8125,498
"2576",-38.625,-62.6875,373
"2577",-38.625,-62.5625,312
"2578",-38.625,-62.4375,137
"2579",-38.625,-62.3125,55
"2580",-38.625,-62.1875,39
"2581",-38.625,-62.0625,105
"2582",-38.625,-61.9375,45
"2583",-38.625,-61.8125,8
"2584",-38.625,-61.6875,10
"2585",-38.625,-61.5625,5
"2586",-38.625,-61.4375,13
"2587",-38.625,-61.3125,32
"2588",-38.625,-61.1875,39
"2589",-38.625,-61.0625,17
"2590",-38.625,-60.9375,1
"2591",-38.625,-60.8125,3
"2592",-38.625,-60.6875,6
"2593",-38.625,-60.5625,1
"2594",-38.375,-64.0625,30
"2595",-38.375,-63.9375,92
"2596",-38.375,-63.8125,185
"2597",-38.375,-63.6875,164
"2598",-38.375,-63.5625,143
"2599",-38.375,-63.4375,320
"2600",-38.375,-63.3125,472
"2601",-38.375,-63.1875,420
"2602",-38.375,-63.0625,436
"2603",-38.375,-62.9375,335
"2604",-38.375,-62.8125,478
"2605",-38.375,-62.6875,500
"2606",-38.375,-62.5625,326
"2607",-38.375,-62.4375,207
"2608",-38.375,-62.3125,58
"2609",-38.375,-62.1875,22
"2610",-38.375,-62.0625,32
"2611",-38.375,-61.9375,12
"2612",-38.375,-61.8125,30
"2613",-38.375,-61.6875,19
"2614",-38.375,-61.5625,25
"2615",-38.375,-61.4375,50
"2616",-38.375,-61.3125,42
"2617",-38.375,-61.1875,14
"2618",-38.375,-61.0625,4
"2619",-38.375,-60.9375,12
"2620",-38.125,-64.1875,19
"2621",-38.125,-64.0625,17
"2622",-38.125,-63.9375,83
"2623",-38.125,-63.8125,95
"2624",-38.125,-63.6875,124
"2625",-38.125,-63.5625,128
"2626",-38.125,-63.4375,165
"2627",-38.125,-63.3125,221
"2628",-38.125,-63.1875,165
"2629",-38.125,-63.0625,427
"2630",-38.125,-62.9375,253
"2631",-38.125,-62.8125,408
"2632",-38.125,-62.6875,422
"2633",-38.125,-62.5625,521
"2634",-38.125,-62.4375,307
"2635",-38.125,-62.3125,125
"2636",-38.125,-62.1875,31
"2637",-38.125,-62.0625,6
"2638",-38.125,-61.8125,22
"2639",-38.125,-61.6875,31
"2640",-38.125,-61.5625,53
"2641",-38.125,-61.4375,51
"2642",-38.125,-61.3125,15
"2643",-38.125,-61.1875,5
"2644",-38.125,-61.0625,1
"2645",-37.875,-64.0625,21
"2646",-37.875,-63.9375,55
"2647",-37.875,-63.8125,72
"2648",-37.875,-63.6875,86
"2649",-37.875,-63.5625,30
"2650",-37.875,-63.4375,38
"2651",-37.875,-63.3125,109
"2652",-37.875,-63.1875,108
"2653",-37.875,-63.0625,55
"2654",-37.875,-62.9375,113
"2655",-37.875,-62.8125,232
"2656",-37.875,-62.6875,366
"2657",-37.875,-62.5625,426
"2658",-37.875,-62.4375,457
"2659",-37.875,-62.3125,214
"2660",-37.875,-62.1875,84
"2661",-37.875,-62.0625,12
"2662",-37.875,-61.9375,13
"2663",-37.875,-61.8125,45
"2664",-37.875,-61.6875,91
"2665",-37.875,-61.5625,127
"2666",-37.875,-61.4375,66
"2667",-37.875,-61.3125,6
"2668",-37.875,-61.0625,2
"2669",-37.625,-64.0625,22
"2670",-37.625,-63.9375,21
"2671",-37.625,-63.8125,74
"2672",-37.625,-63.6875,24
"2673",-37.625,-63.5625,18
"2674",-37.625,-63.3125,29
"2675",-37.625,-63.1875,57
"2676",-37.625,-63.0625,8
"2677",-37.625,-62.9375,12
"2678",-37.625,-62.8125,97
"2679",-37.625,-62.6875,213
"2680",-37.625,-62.5625,311
"2681",-37.625,-62.4375,514
"2682",-37.625,-62.3125,299
"2683",-37.625,-62.1875,126
"2684",-37.625,-62.0625,49
"2685",-37.625,-61.9375,36
"2686",-37.625,-61.8125,73
"2687",-37.625,-61.6875,127
"2688",-37.625,-61.5625,112
"2689",-37.625,-61.4375,80
"2690",-37.625,-61.3125,11
"2691",-37.625,-61.0625,2
"2692",-37.625,-60.9375,1
"2693",-37.625,-60.8125,1
"2694",-37.375,-64.0625,26
"2695",-37.375,-63.9375,39
"2696",-37.375,-63.8125,74
"2697",-37.375,-63.6875,13
"2698",-37.375,-63.3125,7
"2699",-37.375,-63.1875,2
"2700",-37.375,-62.8125,20
"2701",-37.375,-62.6875,89
"2702",-37.375,-62.5625,269
"2703",-37.375,-62.4375,454
"2704",-37.375,-62.3125,283
"2705",-37.375,-62.1875,174
"2706",-37.375,-62.0625,89
"2707",-37.375,-61.9375,56
"2708",-37.375,-61.8125,78
"2709",-37.375,-61.6875,110
"2710",-37.375,-61.5625,60
"2711",-37.375,-61.4375,65
"2712",-37.375,-61.3125,16
"2713",-37.375,-61.1875,2
"2714",-37.375,-60.8125,1
"2715",-37.375,-60.6875,1
"2716",-37.125,-64.0625,7
"2717",-37.125,-63.9375,18
"2718",-37.125,-63.8125,34
"2719",-37.125,-63.6875,18
"2720",-37.125,-62.8125,2
"2721",-37.125,-62.6875,54
"2722",-37.125,-62.5625,305
"2723",-37.125,-62.4375,469
"2724",-37.125,-62.3125,290
"2725",-37.125,-62.1875,158
"2726",-37.125,-62.0625,140
"2727",-37.125,-61.9375,87
"2728",-37.125,-61.8125,158
"2729",-37.125,-61.6875,116
"2730",-37.125,-61.5625,73
"2731",-37.125,-61.4375,181
"2732",-37.125,-61.3125,141
"2733",-37.125,-61.1875,7
"2734",-37.125,-61.0625,4
"2735",-37.125,-60.9375,3
"2736",-37.125,-60.6875,1
"2737",-37.125,-60.5625,1
"2738",-36.875,-64.0625,4
"2739",-36.875,-63.9375,17
"2740",-36.875,-63.8125,23
"2741",-36.875,-63.6875,8
"2742",-36.875,-62.8125,2
"2743",-36.875,-62.6875,52
"2744",-36.875,-62.5625,255
"2745",-36.875,-62.4375,454
"2746",-36.875,-62.3125,355
"2747",-36.875,-62.1875,189
"2748",-36.875,-62.0625,147
"2749",-36.875,-61.9375,118
"2750",-36.875,-61.8125,165
"2751",-36.875,-61.6875,128
"2752",-36.875,-61.5625,71
"2753",-36.875,-61.4375,40
"2754",-36.875,-61.3125,86
"2755",-36.875,-61.1875,7
"2756",-36.875,-60.8125,4
"2757",-36.875,-60.6875,4
"2758",-36.875,-60.5625,6
"2759",-36.875,-60.4375,4
"2760",-36.625,-63.9375,16
"2761",-36.625,-63.8125,17
"2762",-36.625,-62.8125,24
"2763",-36.625,-62.6875,34
"2764",-36.625,-62.5625,144
"2765",-36.625,-62.4375,350
"2766",-36.625,-62.3125,457
"2767",-36.625,-62.1875,268
"2768",-36.625,-62.0625,182
"2769",-36.625,-61.9375,137
"2770",-36.625,-61.8125,156
"2771",-36.625,-61.6875,74
"2772",-36.625,-61.5625,80
"2773",-36.625,-61.4375,22
"2774",-36.625,-61.3125,53
"2775",-36.625,-61.1875,49
"2776",-36.625,-60.8125,3
"2777",-36.625,-60.6875,16
"2778",-36.625,-60.5625,7
"2779",-36.625,-60.4375,4
"2780",-36.375,-63.8125,11
"2781",-36.375,-62.6875,28
"2782",-36.375,-62.5625,136
"2783",-36.375,-62.4375,318
"2784",-36.375,-62.3125,403
"2785",-36.375,-62.1875,304
"2786",-36.375,-62.0625,159
"2787",-36.375,-61.9375,224
"2788",-36.375,-61.8125,152
"2789",-36.375,-61.6875,114
"2790",-36.375,-61.5625,73
"2791",-36.375,-61.4375,84
"2792",-36.375,-61.3125,38
"2793",-36.375,-61.1875,13
"2794",-36.375,-60.9375,3
"2795",-36.375,-60.8125,3
"2796",-36.125,-62.8125,9
"2797",-36.125,-62.6875,54
"2798",-36.125,-62.5625,155
"2799",-36.125,-62.4375,239
"2800",-36.125,-62.3125,421
"2801",-36.125,-62.1875,316
"2802",-36.125,-62.0625,186
"2803",-36.125,-61.9375,127
"2804",-36.125,-61.8125,89
"2805",-36.125,-61.6875,100
"2806",-36.125,-61.5625,162
"2807",-36.125,-61.4375,76
"2808",-36.125,-61.3125,23
"2809",-36.125,-61.1875,9
"2810",-36.125,-61.0625,1
"2811",-36.125,-60.9375,17
"2812",-36.125,-60.8125,9
"2813",-36.125,-60.6875,6
"2814",-35.875,-62.8125,22
"2815",-35.875,-62.6875,56
"2816",-35.875,-62.5625,131
"2817",-35.875,-62.4375,340
"2818",-35.875,-62.3125,338
"2819",-35.875,-62.1875,281
"2820",-35.875,-62.0625,197
"2821",-35.875,-61.9375,149
"2822",-35.875,-61.8125,82
"2823",-35.875,-61.6875,107
"2824",-35.875,-61.5625,81
"2825",-35.875,-61.4375,83
"2826",-35.875,-61.3125,26
"2827",-35.875,-61.1875,16
"2828",-35.875,-61.0625,13
"2829",-35.875,-60.9375,12
"2830",-35.875,-60.8125,35
"2831",-35.875,-60.6875,17
"2832",-35.875,-60.5625,4
"2833",-35.875,-60.4375,3
"2834",-35.625,-62.9375,2
"2835",-35.625,-62.8125,26
"2836",-35.625,-62.6875,84
"2837",-35.625,-62.5625,217
"2838",-35.625,-62.4375,275
"2839",-35.625,-62.3125,291
"2840",-35.625,-62.1875,182
"2841",-35.625,-62.0625,178
"2842",-35.625,-61.9375,172
"2843",-35.625,-61.8125,117
"2844",-35.625,-61.6875,111
"2845",-35.625,-61.5625,77
"2846",-35.625,-61.4375,76
"2847",-35.625,-61.3125,41
"2848",-35.625,-61.1875,14
"2849",-35.625,-61.0625,14
"2850",-35.625,-60.9375,41
"2851",-35.625,-60.8125,29
"2852",-35.625,-60.6875,39
"2853",-35.625,-60.5625,12
"2854",-35.625,-60.4375,4
"2855",-35.625,-60.3125,6
"2856",-35.625,-60.1875,1
"2857",-35.375,-62.9375,1
"2858",-35.375,-62.8125,45
"2859",-35.375,-62.6875,125
"2860",-35.375,-62.5625,241
"2861",-35.375,-62.4375,269
"2862",-35.375,-62.3125,164
"2863",-35.375,-62.1875,183
"2864",-35.375,-62.0625,188
"2865",-35.375,-61.9375,145
"2866",-35.375,-61.8125,115
"2867",-35.375,-61.6875,134
"2868",-35.375,-61.5625,81
"2869",-35.375,-61.4375,52
"2870",-35.375,-61.3125,56
"2871",-35.375,-61.1875,26
"2872",-35.375,-61.0625,50
"2873",-35.375,-60.9375,16
"2874",-35.375,-60.8125,16
"2875",-35.375,-60.6875,11
"2876",-35.375,-60.5625,31
"2877",-35.375,-60.4375,7
"2878",-35.375,-60.1875,3
"2879",-35.375,-60.0625,1
"2880",-35.125,-62.9375,6
"2881",-35.125,-62.8125,60
"2882",-35.125,-62.6875,157
"2883",-35.125,-62.5625,192
"2884",-35.125,-62.4375,200
"2885",-35.125,-62.3125,152
"2886",-35.125,-62.1875,133
"2887",-35.125,-62.0625,197
"2888",-35.125,-61.9375,157
"2889",-35.125,-61.8125,119
"2890",-35.125,-61.6875,124
"2891",-35.125,-61.5625,30
"2892",-35.125,-61.4375,66
"2893",-35.125,-61.3125,31
"2894",-35.125,-61.1875,48
"2895",-35.125,-61.0625,15
"2896",-35.125,-60.9375,4
"2897",-35.125,-60.5625,7
"2898",-35.125,-60.4375,5
"2899",-35.125,-60.3125,3
"2900",-35.125,-60.0625,2
"2901",-34.875,-63.0625,3
"2902",-34.875,-62.9375,12
"2903",-34.875,-62.8125,76
"2904",-34.875,-62.6875,125
"2905",-34.875,-62.5625,127
"2906",-34.875,-62.4375,204
"2907",-34.875,-62.3125,112
"2908",-34.875,-62.1875,118
"2909",-34.875,-62.0625,123
"2910",-34.875,-61.9375,96
"2911",-34.875,-61.8125,115
"2912",-34.875,-61.6875,77
"2913",-34.875,-61.5625,32
"2914",-34.875,-61.4375,16
"2915",-34.875,-61.3125,18
"2916",-34.875,-61.1875,5
"2917",-34.875,-61.0625,1
"2918",-34.875,-59.9375,1
"2919",-34.625,-63.0625,9
"2920",-34.625,-62.9375,26
"2921",-34.625,-62.8125,82
"2922",-34.625,-62.6875,124
"2923",-34.625,-62.5625,111
"2924",-34.625,-62.4375,147
"2925",-34.625,-62.3125,128
"2926",-34.625,-62.1875,81
"2927",-34.625,-62.0625,78
"2928",-34.625,-61.9375,29
"2929",-34.625,-61.8125,78
"2930",-34.625,-61.6875,62
"2931",-34.625,-61.5625,24
"2932",-34.625,-61.4375,4
"2933",-34.625,-61.3125,1
"2934",-34.375,-63.0625,14
"2935",-34.375,-62.9375,40
"2936",-34.375,-62.8125,62
"2937",-34.375,-62.6875,72
"2938",-34.375,-62.5625,94
"2939",-34.375,-62.4375,91
"2940",-34.375,-62.3125,94
"2941",-34.375,-62.1875,54
"2942",-34.375,-62.0625,27
"2943",-34.375,-61.9375,15
"2944",-34.375,-61.8125,45
"2945",-34.375,-61.6875,32
"2946",-34.375,-61.5625,10
"2947",-34.375,-61.4375,13
"2948",-34.375,-61.3125,3
"2949",-34.125,-63.0625,9
"2950",-34.125,-62.9375,33
"2951",-34.125,-62.8125,59
"2952",-34.125,-62.6875,48
"2953",-34.125,-62.5625,44
"2954",-34.125,-62.4375,47
"2955",-34.125,-62.3125,83
"2956",-34.125,-62.1875,46
"2957",-34.125,-62.0625,18
"2958",-34.125,-61.8125,19
"2959",-34.125,-61.6875,18
"2960",-34.125,-61.5625,11
"2961",-34.125,-61.4375,1
"2962",-33.875,-63.0625,8
"2963",-33.875,-62.9375,36
"2964",-33.875,-62.8125,44
"2965",-33.875,-62.6875,31
"2966",-33.875,-62.5625,14
"2967",-33.875,-62.4375,24
"2968",-33.875,-62.3125,76
"2969",-33.875,-62.1875,25
"2970",-33.875,-62.0625,13
"2971",-33.875,-61.6875,4
"2972",-33.875,-61.5625,2
"2973",-33.625,-63.0625,2
"2974",-33.625,-62.8125,25
"2975",-33.625,-62.6875,10
"2976",-33.625,-62.5625,11
"2977",-33.625,-62.4375,8
"2978",-33.625,-62.3125,39
"2979",-33.625,-62.1875,40
"2980",-33.625,-62.0625,15
"2981",-33.625,-61.9375,3
"2982",-33.375,-62.4375,5
"2983",-33.375,-62.3125,10
"2984",-33.375,-62.1875,36
"2985",-33.375,-62.0625,38
"2986",-33.375,-61.9375,19
"2987",-33.125,-62.3125,6
"2988",-33.125,-62.1875,15
"2989",-33.125,-62.0625,29
"2990",-33.125,-61.9375,23
"2991",-33.125,-61.8125,2
"2992",-32.875,-62.0625,4
"2993",-32.875,-61.9375,8
"2994",-32.875,-61.8125,7
"2995",-32.875,-61.6875,2
"2996",-32.625,-61.9375,4
"2997",-32.625,-61.8125,3
"2998",-32.625,-61.6875,1
"2999",-32.375,-61.8125,1
"3000",-32.375,-61.6875,2
"3001",-32.125,-61.6875,1
